source_id,ibge_code,municipality,status_2024_p6,status_2025_p6,directory_hash,accessed_at
fnde_siope_rreo_annex8_pdf,4300034,Aceguá,covered,covered,31444bbed0acfd651537f3aca38a02c7299c08c22f3f44eb9193672321896e34,2026-07-20T17:40:46Z
fnde_siope_rreo_annex8_pdf,4300059,Água Santa,covered,covered,31444bbed0acfd651537f3aca38a02c7299c08c22f3f44eb9193672321896e34,2026-07-20T17:40:46Z
fnde_siope_rreo_annex8_pdf,4300109,Agudo,covered,covered,31444bbed0acfd651537f3aca38a02c7299c08c22f3f44eb9193672321896e34,2026-07-20T17:40:46Z
fnde_siope_rreo_annex8_pdf,4300208,Ajuricaba,covered,covered,31444bbed0acfd651537f3aca38a02c7299c08c22f3f44eb9193672321896e34,2026-07-20T17:40:46Z
fnde_siope_rreo_annex8_pdf,4300307,Alecrim,covered,covered,31444bbed0acfd651537f3aca38a02c7299c08c22f3f44eb9193672321896e34,2026-07-20T17:40:46Z
fnde_siope_rreo_annex8_pdf,4300406,Alegrete,covered,covered,31444bbed0acfd651537f3aca38a02c7299c08c22f3f44eb9193672321896e34,2026-07-20T17:40:46Z
fnde_siope_rreo_annex8_pdf,4300455,Alegria,covered,covered,31444bbed0acfd651537f3aca38a02c7299c08c22f3f44eb9193672321896e34,2026-07-20T17:40:46Z
fnde_siope_rreo_annex8_pdf,4300471,Almirante Tamandaré do Sul,covered,covered,31444bbed0acfd651537f3aca38a02c7299c08c22f3f44eb9193672321896e34,2026-07-20T17:40:46Z
fnde_siope_rreo_annex8_pdf,4300505,Alpestre,covered,covered,31444bbed0acfd651537f3aca38a02c7299c08c22f3f44eb9193672321896e34,2026-07-20T17:40:46Z
fnde_siope_rreo_annex8_pdf,4300554,Alto Alegre,covered,covered,31444bbed0acfd651537f3aca38a02c7299c08c22f3f44eb9193672321896e34,2026-07-20T17:40:46Z
fnde_siope_rreo_annex8_pdf,4300570,Alto Feliz,covered,covered,31444bbed0acfd651537f3aca38a02c7299c08c22f3f44eb9193672321896e34,2026-07-20T17:40:46Z
fnde_siope_rreo_annex8_pdf,4300604,Alvorada,covered,covered,31444bbed0acfd651537f3aca38a02c7299c08c22f3f44eb9193672321896e34,2026-07-20T17:40:46Z
fnde_siope_rreo_annex8_pdf,4300638,Amaral Ferrador,covered,covered,31444bbed0acfd651537f3aca38a02c7299c08c22f3f44eb9193672321896e34,2026-07-20T17:40:46Z
fnde_siope_rreo_annex8_pdf,4300646,Ametista do Sul,covered,covered,31444bbed0acfd651537f3aca38a02c7299c08c22f3f44eb9193672321896e34,2026-07-20T17:40:46Z
fnde_siope_rreo_annex8_pdf,4300661,André da Rocha,covered,covered,31444bbed0acfd651537f3aca38a02c7299c08c22f3f44eb9193672321896e34,2026-07-20T17:40:46Z
fnde_siope_rreo_annex8_pdf,4300703,Anta Gorda,covered,covered,31444bbed0acfd651537f3aca38a02c7299c08c22f3f44eb9193672321896e34,2026-07-20T17:40:46Z
fnde_siope_rreo_annex8_pdf,4300802,Antônio Prado,covered,covered,31444bbed0acfd651537f3aca38a02c7299c08c22f3f44eb9193672321896e34,2026-07-20T17:40:46Z
fnde_siope_rreo_annex8_pdf,4300851,Arambaré,covered,covered,31444bbed0acfd651537f3aca38a02c7299c08c22f3f44eb9193672321896e34,2026-07-20T17:40:46Z
fnde_siope_rreo_annex8_pdf,4300877,Araricá,covered,covered,31444bbed0acfd651537f3aca38a02c7299c08c22f3f44eb9193672321896e34,2026-07-20T17:40:46Z
fnde_siope_rreo_annex8_pdf,4300901,Aratiba,covered,covered,31444bbed0acfd651537f3aca38a02c7299c08c22f3f44eb9193672321896e34,2026-07-20T17:40:46Z
fnde_siope_rreo_annex8_pdf,4301008,Arroio do Meio,covered,covered,31444bbed0acfd651537f3aca38a02c7299c08c22f3f44eb9193672321896e34,2026-07-20T17:40:46Z
fnde_siope_rreo_annex8_pdf,4301057,Arroio do Sal,covered,covered,31444bbed0acfd651537f3aca38a02c7299c08c22f3f44eb9193672321896e34,2026-07-20T17:40:46Z
fnde_siope_rreo_annex8_pdf,4301073,Arroio do Padre,covered,covered,31444bbed0acfd651537f3aca38a02c7299c08c22f3f44eb9193672321896e34,2026-07-20T17:40:46Z
fnde_siope_rreo_annex8_pdf,4301107,Arroio dos Ratos,covered,covered,31444bbed0acfd651537f3aca38a02c7299c08c22f3f44eb9193672321896e34,2026-07-20T17:40:46Z
fnde_siope_rreo_annex8_pdf,4301206,Arroio do Tigre,covered,covered,31444bbed0acfd651537f3aca38a02c7299c08c22f3f44eb9193672321896e34,2026-07-20T17:40:46Z
fnde_siope_rreo_annex8_pdf,4301305,Arroio Grande,covered,covered,31444bbed0acfd651537f3aca38a02c7299c08c22f3f44eb9193672321896e34,2026-07-20T17:40:46Z
fnde_siope_rreo_annex8_pdf,4301404,Arvorezinha,covered,covered,31444bbed0acfd651537f3aca38a02c7299c08c22f3f44eb9193672321896e34,2026-07-20T17:40:46Z
fnde_siope_rreo_annex8_pdf,4301503,Augusto Pestana,covered,covered,31444bbed0acfd651537f3aca38a02c7299c08c22f3f44eb9193672321896e34,2026-07-20T17:40:46Z
fnde_siope_rreo_annex8_pdf,4301552,Áurea,covered,covered,31444bbed0acfd651537f3aca38a02c7299c08c22f3f44eb9193672321896e34,2026-07-20T17:40:46Z
fnde_siope_rreo_annex8_pdf,4301602,Bagé,covered,covered,31444bbed0acfd651537f3aca38a02c7299c08c22f3f44eb9193672321896e34,2026-07-20T17:40:46Z
fnde_siope_rreo_annex8_pdf,4301636,Balneário Pinhal,covered,covered,31444bbed0acfd651537f3aca38a02c7299c08c22f3f44eb9193672321896e34,2026-07-20T17:40:46Z
fnde_siope_rreo_annex8_pdf,4301651,Barão,covered,covered,31444bbed0acfd651537f3aca38a02c7299c08c22f3f44eb9193672321896e34,2026-07-20T17:40:46Z
fnde_siope_rreo_annex8_pdf,4301701,Barão de Cotegipe,covered,covered,31444bbed0acfd651537f3aca38a02c7299c08c22f3f44eb9193672321896e34,2026-07-20T17:40:46Z
fnde_siope_rreo_annex8_pdf,4301750,Barão do Triunfo,covered,covered,31444bbed0acfd651537f3aca38a02c7299c08c22f3f44eb9193672321896e34,2026-07-20T17:40:46Z
fnde_siope_rreo_annex8_pdf,4301800,Barracão,covered,covered,31444bbed0acfd651537f3aca38a02c7299c08c22f3f44eb9193672321896e34,2026-07-20T17:40:46Z
fnde_siope_rreo_annex8_pdf,4301859,Barra do Guarita,covered,covered,31444bbed0acfd651537f3aca38a02c7299c08c22f3f44eb9193672321896e34,2026-07-20T17:40:46Z
fnde_siope_rreo_annex8_pdf,4301875,Barra do Quaraí,covered,missing,31444bbed0acfd651537f3aca38a02c7299c08c22f3f44eb9193672321896e34,2026-07-20T17:40:46Z
fnde_siope_rreo_annex8_pdf,4301909,Barra do Ribeiro,covered,covered,31444bbed0acfd651537f3aca38a02c7299c08c22f3f44eb9193672321896e34,2026-07-20T17:40:46Z
fnde_siope_rreo_annex8_pdf,4301925,Barra do Rio Azul,covered,covered,31444bbed0acfd651537f3aca38a02c7299c08c22f3f44eb9193672321896e34,2026-07-20T17:40:46Z
fnde_siope_rreo_annex8_pdf,4301958,Barra Funda,covered,covered,31444bbed0acfd651537f3aca38a02c7299c08c22f3f44eb9193672321896e34,2026-07-20T17:40:46Z
fnde_siope_rreo_annex8_pdf,4302006,Barros Cassal,covered,covered,31444bbed0acfd651537f3aca38a02c7299c08c22f3f44eb9193672321896e34,2026-07-20T17:40:46Z
fnde_siope_rreo_annex8_pdf,4302055,Benjamin Constant do Sul,covered,covered,31444bbed0acfd651537f3aca38a02c7299c08c22f3f44eb9193672321896e34,2026-07-20T17:40:46Z
fnde_siope_rreo_annex8_pdf,4302105,Bento Gonçalves,covered,covered,31444bbed0acfd651537f3aca38a02c7299c08c22f3f44eb9193672321896e34,2026-07-20T17:40:46Z
fnde_siope_rreo_annex8_pdf,4302154,Boa Vista das Missões,covered,covered,31444bbed0acfd651537f3aca38a02c7299c08c22f3f44eb9193672321896e34,2026-07-20T17:40:46Z
fnde_siope_rreo_annex8_pdf,4302204,Boa Vista do Buricá,covered,covered,31444bbed0acfd651537f3aca38a02c7299c08c22f3f44eb9193672321896e34,2026-07-20T17:40:46Z
fnde_siope_rreo_annex8_pdf,4302220,Boa Vista do Cadeado,covered,covered,31444bbed0acfd651537f3aca38a02c7299c08c22f3f44eb9193672321896e34,2026-07-20T17:40:46Z
fnde_siope_rreo_annex8_pdf,4302238,Boa Vista do Incra,covered,covered,31444bbed0acfd651537f3aca38a02c7299c08c22f3f44eb9193672321896e34,2026-07-20T17:40:46Z
fnde_siope_rreo_annex8_pdf,4302253,Boa Vista do Sul,covered,covered,31444bbed0acfd651537f3aca38a02c7299c08c22f3f44eb9193672321896e34,2026-07-20T17:40:46Z
fnde_siope_rreo_annex8_pdf,4302303,Bom Jesus,covered,covered,31444bbed0acfd651537f3aca38a02c7299c08c22f3f44eb9193672321896e34,2026-07-20T17:40:46Z
fnde_siope_rreo_annex8_pdf,4302352,Bom Princípio,covered,covered,31444bbed0acfd651537f3aca38a02c7299c08c22f3f44eb9193672321896e34,2026-07-20T17:40:46Z
fnde_siope_rreo_annex8_pdf,4302378,Bom Progresso,covered,covered,31444bbed0acfd651537f3aca38a02c7299c08c22f3f44eb9193672321896e34,2026-07-20T17:40:46Z
fnde_siope_rreo_annex8_pdf,4302402,Bom Retiro do Sul,covered,covered,31444bbed0acfd651537f3aca38a02c7299c08c22f3f44eb9193672321896e34,2026-07-20T17:40:46Z
fnde_siope_rreo_annex8_pdf,4302451,Boqueirão do Leão,covered,covered,31444bbed0acfd651537f3aca38a02c7299c08c22f3f44eb9193672321896e34,2026-07-20T17:40:46Z
fnde_siope_rreo_annex8_pdf,4302501,Bossoroca,covered,covered,31444bbed0acfd651537f3aca38a02c7299c08c22f3f44eb9193672321896e34,2026-07-20T17:40:46Z
fnde_siope_rreo_annex8_pdf,4302584,Bozano,covered,covered,31444bbed0acfd651537f3aca38a02c7299c08c22f3f44eb9193672321896e34,2026-07-20T17:40:46Z
fnde_siope_rreo_annex8_pdf,4302600,Braga,covered,covered,31444bbed0acfd651537f3aca38a02c7299c08c22f3f44eb9193672321896e34,2026-07-20T17:40:46Z
fnde_siope_rreo_annex8_pdf,4302659,Brochier,covered,covered,31444bbed0acfd651537f3aca38a02c7299c08c22f3f44eb9193672321896e34,2026-07-20T17:40:46Z
fnde_siope_rreo_annex8_pdf,4302709,Butiá,covered,covered,31444bbed0acfd651537f3aca38a02c7299c08c22f3f44eb9193672321896e34,2026-07-20T17:40:46Z
fnde_siope_rreo_annex8_pdf,4302808,Caçapava do Sul,covered,covered,31444bbed0acfd651537f3aca38a02c7299c08c22f3f44eb9193672321896e34,2026-07-20T17:40:46Z
fnde_siope_rreo_annex8_pdf,4302907,Cacequi,covered,missing,31444bbed0acfd651537f3aca38a02c7299c08c22f3f44eb9193672321896e34,2026-07-20T17:40:46Z
fnde_siope_rreo_annex8_pdf,4303004,Cachoeira do Sul,covered,covered,31444bbed0acfd651537f3aca38a02c7299c08c22f3f44eb9193672321896e34,2026-07-20T17:40:46Z
fnde_siope_rreo_annex8_pdf,4303103,Cachoeirinha,covered,covered,31444bbed0acfd651537f3aca38a02c7299c08c22f3f44eb9193672321896e34,2026-07-20T17:40:46Z
fnde_siope_rreo_annex8_pdf,4303202,Cacique Doble,covered,covered,31444bbed0acfd651537f3aca38a02c7299c08c22f3f44eb9193672321896e34,2026-07-20T17:40:46Z
fnde_siope_rreo_annex8_pdf,4303301,Caibaté,covered,covered,31444bbed0acfd651537f3aca38a02c7299c08c22f3f44eb9193672321896e34,2026-07-20T17:40:46Z
fnde_siope_rreo_annex8_pdf,4303400,Caiçara,covered,covered,31444bbed0acfd651537f3aca38a02c7299c08c22f3f44eb9193672321896e34,2026-07-20T17:40:46Z
fnde_siope_rreo_annex8_pdf,4303509,Camaquã,covered,covered,31444bbed0acfd651537f3aca38a02c7299c08c22f3f44eb9193672321896e34,2026-07-20T17:40:46Z
fnde_siope_rreo_annex8_pdf,4303558,Camargo,covered,covered,31444bbed0acfd651537f3aca38a02c7299c08c22f3f44eb9193672321896e34,2026-07-20T17:40:46Z
fnde_siope_rreo_annex8_pdf,4303608,Cambará do Sul,covered,covered,31444bbed0acfd651537f3aca38a02c7299c08c22f3f44eb9193672321896e34,2026-07-20T17:40:46Z
fnde_siope_rreo_annex8_pdf,4303673,Campestre da Serra,covered,covered,31444bbed0acfd651537f3aca38a02c7299c08c22f3f44eb9193672321896e34,2026-07-20T17:40:46Z
fnde_siope_rreo_annex8_pdf,4303707,Campina das Missões,covered,covered,31444bbed0acfd651537f3aca38a02c7299c08c22f3f44eb9193672321896e34,2026-07-20T17:40:46Z
fnde_siope_rreo_annex8_pdf,4303806,Campinas do Sul,covered,covered,31444bbed0acfd651537f3aca38a02c7299c08c22f3f44eb9193672321896e34,2026-07-20T17:40:46Z
fnde_siope_rreo_annex8_pdf,4303905,Campo Bom,covered,covered,31444bbed0acfd651537f3aca38a02c7299c08c22f3f44eb9193672321896e34,2026-07-20T17:40:46Z
fnde_siope_rreo_annex8_pdf,4304002,Campo Novo,covered,covered,31444bbed0acfd651537f3aca38a02c7299c08c22f3f44eb9193672321896e34,2026-07-20T17:40:46Z
fnde_siope_rreo_annex8_pdf,4304101,Campos Borges,covered,covered,31444bbed0acfd651537f3aca38a02c7299c08c22f3f44eb9193672321896e34,2026-07-20T17:40:46Z
fnde_siope_rreo_annex8_pdf,4304200,Candelária,covered,covered,31444bbed0acfd651537f3aca38a02c7299c08c22f3f44eb9193672321896e34,2026-07-20T17:40:46Z
fnde_siope_rreo_annex8_pdf,4304309,Cândido Godói,covered,covered,31444bbed0acfd651537f3aca38a02c7299c08c22f3f44eb9193672321896e34,2026-07-20T17:40:46Z
fnde_siope_rreo_annex8_pdf,4304358,Candiota,covered,covered,31444bbed0acfd651537f3aca38a02c7299c08c22f3f44eb9193672321896e34,2026-07-20T17:40:46Z
fnde_siope_rreo_annex8_pdf,4304408,Canela,covered,covered,31444bbed0acfd651537f3aca38a02c7299c08c22f3f44eb9193672321896e34,2026-07-20T17:40:46Z
fnde_siope_rreo_annex8_pdf,4304507,Canguçu,covered,covered,31444bbed0acfd651537f3aca38a02c7299c08c22f3f44eb9193672321896e34,2026-07-20T17:40:46Z
fnde_siope_rreo_annex8_pdf,4304606,Canoas,covered,covered,31444bbed0acfd651537f3aca38a02c7299c08c22f3f44eb9193672321896e34,2026-07-20T17:40:46Z
fnde_siope_rreo_annex8_pdf,4304614,Canudos do Vale,covered,covered,31444bbed0acfd651537f3aca38a02c7299c08c22f3f44eb9193672321896e34,2026-07-20T17:40:46Z
fnde_siope_rreo_annex8_pdf,4304622,Capão Bonito do Sul,covered,covered,31444bbed0acfd651537f3aca38a02c7299c08c22f3f44eb9193672321896e34,2026-07-20T17:40:46Z
fnde_siope_rreo_annex8_pdf,4304630,Capão da Canoa,covered,covered,31444bbed0acfd651537f3aca38a02c7299c08c22f3f44eb9193672321896e34,2026-07-20T17:40:46Z
fnde_siope_rreo_annex8_pdf,4304655,Capão do Cipó,covered,covered,31444bbed0acfd651537f3aca38a02c7299c08c22f3f44eb9193672321896e34,2026-07-20T17:40:46Z
fnde_siope_rreo_annex8_pdf,4304663,Capão do Leão,covered,covered,31444bbed0acfd651537f3aca38a02c7299c08c22f3f44eb9193672321896e34,2026-07-20T17:40:46Z
fnde_siope_rreo_annex8_pdf,4304671,Capivari do Sul,covered,covered,31444bbed0acfd651537f3aca38a02c7299c08c22f3f44eb9193672321896e34,2026-07-20T17:40:46Z
fnde_siope_rreo_annex8_pdf,4304689,Capela de Santana,covered,covered,31444bbed0acfd651537f3aca38a02c7299c08c22f3f44eb9193672321896e34,2026-07-20T17:40:46Z
fnde_siope_rreo_annex8_pdf,4304697,Capitão,covered,covered,31444bbed0acfd651537f3aca38a02c7299c08c22f3f44eb9193672321896e34,2026-07-20T17:40:46Z
fnde_siope_rreo_annex8_pdf,4304705,Carazinho,covered,covered,31444bbed0acfd651537f3aca38a02c7299c08c22f3f44eb9193672321896e34,2026-07-20T17:40:46Z
fnde_siope_rreo_annex8_pdf,4304713,Caraá,covered,covered,31444bbed0acfd651537f3aca38a02c7299c08c22f3f44eb9193672321896e34,2026-07-20T17:40:46Z
fnde_siope_rreo_annex8_pdf,4304804,Carlos Barbosa,covered,covered,31444bbed0acfd651537f3aca38a02c7299c08c22f3f44eb9193672321896e34,2026-07-20T17:40:46Z
fnde_siope_rreo_annex8_pdf,4304853,Carlos Gomes,covered,covered,31444bbed0acfd651537f3aca38a02c7299c08c22f3f44eb9193672321896e34,2026-07-20T17:40:46Z
fnde_siope_rreo_annex8_pdf,4304903,Casca,covered,covered,31444bbed0acfd651537f3aca38a02c7299c08c22f3f44eb9193672321896e34,2026-07-20T17:40:46Z
fnde_siope_rreo_annex8_pdf,4304952,Caseiros,covered,covered,31444bbed0acfd651537f3aca38a02c7299c08c22f3f44eb9193672321896e34,2026-07-20T17:40:46Z
fnde_siope_rreo_annex8_pdf,4305009,Catuípe,covered,covered,31444bbed0acfd651537f3aca38a02c7299c08c22f3f44eb9193672321896e34,2026-07-20T17:40:46Z
fnde_siope_rreo_annex8_pdf,4305108,Caxias do Sul,covered,covered,31444bbed0acfd651537f3aca38a02c7299c08c22f3f44eb9193672321896e34,2026-07-20T17:40:46Z
fnde_siope_rreo_annex8_pdf,4305116,Centenário,covered,covered,31444bbed0acfd651537f3aca38a02c7299c08c22f3f44eb9193672321896e34,2026-07-20T17:40:46Z
fnde_siope_rreo_annex8_pdf,4305124,Cerrito,covered,covered,31444bbed0acfd651537f3aca38a02c7299c08c22f3f44eb9193672321896e34,2026-07-20T17:40:46Z
fnde_siope_rreo_annex8_pdf,4305132,Cerro Branco,covered,missing,31444bbed0acfd651537f3aca38a02c7299c08c22f3f44eb9193672321896e34,2026-07-20T17:40:46Z
fnde_siope_rreo_annex8_pdf,4305157,Cerro Grande,covered,covered,31444bbed0acfd651537f3aca38a02c7299c08c22f3f44eb9193672321896e34,2026-07-20T17:40:46Z
fnde_siope_rreo_annex8_pdf,4305173,Cerro Grande do Sul,covered,covered,31444bbed0acfd651537f3aca38a02c7299c08c22f3f44eb9193672321896e34,2026-07-20T17:40:46Z
fnde_siope_rreo_annex8_pdf,4305207,Cerro Largo,covered,covered,31444bbed0acfd651537f3aca38a02c7299c08c22f3f44eb9193672321896e34,2026-07-20T17:40:46Z
fnde_siope_rreo_annex8_pdf,4305306,Chapada,covered,covered,31444bbed0acfd651537f3aca38a02c7299c08c22f3f44eb9193672321896e34,2026-07-20T17:40:46Z
fnde_siope_rreo_annex8_pdf,4305355,Charqueadas,covered,covered,31444bbed0acfd651537f3aca38a02c7299c08c22f3f44eb9193672321896e34,2026-07-20T17:40:46Z
fnde_siope_rreo_annex8_pdf,4305371,Charrua,covered,covered,31444bbed0acfd651537f3aca38a02c7299c08c22f3f44eb9193672321896e34,2026-07-20T17:40:46Z
fnde_siope_rreo_annex8_pdf,4305405,Chiapetta,covered,covered,31444bbed0acfd651537f3aca38a02c7299c08c22f3f44eb9193672321896e34,2026-07-20T17:40:46Z
fnde_siope_rreo_annex8_pdf,4305439,Chuí,covered,covered,31444bbed0acfd651537f3aca38a02c7299c08c22f3f44eb9193672321896e34,2026-07-20T17:40:46Z
fnde_siope_rreo_annex8_pdf,4305447,Chuvisca,covered,covered,31444bbed0acfd651537f3aca38a02c7299c08c22f3f44eb9193672321896e34,2026-07-20T17:40:46Z
fnde_siope_rreo_annex8_pdf,4305454,Cidreira,covered,covered,31444bbed0acfd651537f3aca38a02c7299c08c22f3f44eb9193672321896e34,2026-07-20T17:40:46Z
fnde_siope_rreo_annex8_pdf,4305504,Ciríaco,covered,covered,31444bbed0acfd651537f3aca38a02c7299c08c22f3f44eb9193672321896e34,2026-07-20T17:40:46Z
fnde_siope_rreo_annex8_pdf,4305587,Colinas,covered,covered,31444bbed0acfd651537f3aca38a02c7299c08c22f3f44eb9193672321896e34,2026-07-20T17:40:46Z
fnde_siope_rreo_annex8_pdf,4305603,Colorado,covered,covered,31444bbed0acfd651537f3aca38a02c7299c08c22f3f44eb9193672321896e34,2026-07-20T17:40:46Z
fnde_siope_rreo_annex8_pdf,4305702,Condor,covered,covered,31444bbed0acfd651537f3aca38a02c7299c08c22f3f44eb9193672321896e34,2026-07-20T17:40:46Z
fnde_siope_rreo_annex8_pdf,4305801,Constantina,covered,covered,31444bbed0acfd651537f3aca38a02c7299c08c22f3f44eb9193672321896e34,2026-07-20T17:40:46Z
fnde_siope_rreo_annex8_pdf,4305835,Coqueiro Baixo,covered,covered,31444bbed0acfd651537f3aca38a02c7299c08c22f3f44eb9193672321896e34,2026-07-20T17:40:46Z
fnde_siope_rreo_annex8_pdf,4305850,Coqueiros do Sul,covered,covered,31444bbed0acfd651537f3aca38a02c7299c08c22f3f44eb9193672321896e34,2026-07-20T17:40:46Z
fnde_siope_rreo_annex8_pdf,4305871,Coronel Barros,covered,covered,31444bbed0acfd651537f3aca38a02c7299c08c22f3f44eb9193672321896e34,2026-07-20T17:40:46Z
fnde_siope_rreo_annex8_pdf,4305900,Coronel Bicaco,covered,covered,31444bbed0acfd651537f3aca38a02c7299c08c22f3f44eb9193672321896e34,2026-07-20T17:40:46Z
fnde_siope_rreo_annex8_pdf,4305934,Coronel Pilar,covered,covered,31444bbed0acfd651537f3aca38a02c7299c08c22f3f44eb9193672321896e34,2026-07-20T17:40:46Z
fnde_siope_rreo_annex8_pdf,4305959,Cotiporã,covered,covered,31444bbed0acfd651537f3aca38a02c7299c08c22f3f44eb9193672321896e34,2026-07-20T17:40:46Z
fnde_siope_rreo_annex8_pdf,4305975,Coxilha,covered,covered,31444bbed0acfd651537f3aca38a02c7299c08c22f3f44eb9193672321896e34,2026-07-20T17:40:46Z
fnde_siope_rreo_annex8_pdf,4306007,Crissiumal,covered,covered,31444bbed0acfd651537f3aca38a02c7299c08c22f3f44eb9193672321896e34,2026-07-20T17:40:46Z
fnde_siope_rreo_annex8_pdf,4306056,Cristal,covered,covered,31444bbed0acfd651537f3aca38a02c7299c08c22f3f44eb9193672321896e34,2026-07-20T17:40:46Z
fnde_siope_rreo_annex8_pdf,4306072,Cristal do Sul,covered,covered,31444bbed0acfd651537f3aca38a02c7299c08c22f3f44eb9193672321896e34,2026-07-20T17:40:46Z
fnde_siope_rreo_annex8_pdf,4306106,Cruz Alta,covered,covered,31444bbed0acfd651537f3aca38a02c7299c08c22f3f44eb9193672321896e34,2026-07-20T17:40:46Z
fnde_siope_rreo_annex8_pdf,4306130,Cruzaltense,covered,covered,31444bbed0acfd651537f3aca38a02c7299c08c22f3f44eb9193672321896e34,2026-07-20T17:40:46Z
fnde_siope_rreo_annex8_pdf,4306205,Cruzeiro do Sul,covered,covered,31444bbed0acfd651537f3aca38a02c7299c08c22f3f44eb9193672321896e34,2026-07-20T17:40:46Z
fnde_siope_rreo_annex8_pdf,4306304,David Canabarro,covered,covered,31444bbed0acfd651537f3aca38a02c7299c08c22f3f44eb9193672321896e34,2026-07-20T17:40:46Z
fnde_siope_rreo_annex8_pdf,4306320,Derrubadas,covered,covered,31444bbed0acfd651537f3aca38a02c7299c08c22f3f44eb9193672321896e34,2026-07-20T17:40:46Z
fnde_siope_rreo_annex8_pdf,4306353,Dezesseis de Novembro,covered,covered,31444bbed0acfd651537f3aca38a02c7299c08c22f3f44eb9193672321896e34,2026-07-20T17:40:46Z
fnde_siope_rreo_annex8_pdf,4306379,Dilermando de Aguiar,covered,covered,31444bbed0acfd651537f3aca38a02c7299c08c22f3f44eb9193672321896e34,2026-07-20T17:40:46Z
fnde_siope_rreo_annex8_pdf,4306403,Dois Irmãos,covered,covered,31444bbed0acfd651537f3aca38a02c7299c08c22f3f44eb9193672321896e34,2026-07-20T17:40:46Z
fnde_siope_rreo_annex8_pdf,4306429,Dois Irmãos das Missões,covered,covered,31444bbed0acfd651537f3aca38a02c7299c08c22f3f44eb9193672321896e34,2026-07-20T17:40:46Z
fnde_siope_rreo_annex8_pdf,4306452,Dois Lajeados,covered,covered,31444bbed0acfd651537f3aca38a02c7299c08c22f3f44eb9193672321896e34,2026-07-20T17:40:46Z
fnde_siope_rreo_annex8_pdf,4306502,Dom Feliciano,covered,covered,31444bbed0acfd651537f3aca38a02c7299c08c22f3f44eb9193672321896e34,2026-07-20T17:40:46Z
fnde_siope_rreo_annex8_pdf,4306551,Dom Pedro de Alcântara,covered,covered,31444bbed0acfd651537f3aca38a02c7299c08c22f3f44eb9193672321896e34,2026-07-20T17:40:46Z
fnde_siope_rreo_annex8_pdf,4306601,Dom Pedrito,covered,covered,31444bbed0acfd651537f3aca38a02c7299c08c22f3f44eb9193672321896e34,2026-07-20T17:40:46Z
fnde_siope_rreo_annex8_pdf,4306700,Dona Francisca,covered,covered,31444bbed0acfd651537f3aca38a02c7299c08c22f3f44eb9193672321896e34,2026-07-20T17:40:46Z
fnde_siope_rreo_annex8_pdf,4306734,Doutor Maurício Cardoso,covered,covered,31444bbed0acfd651537f3aca38a02c7299c08c22f3f44eb9193672321896e34,2026-07-20T17:40:46Z
fnde_siope_rreo_annex8_pdf,4306759,Doutor Ricardo,covered,covered,31444bbed0acfd651537f3aca38a02c7299c08c22f3f44eb9193672321896e34,2026-07-20T17:40:46Z
fnde_siope_rreo_annex8_pdf,4306767,Eldorado do Sul,covered,covered,31444bbed0acfd651537f3aca38a02c7299c08c22f3f44eb9193672321896e34,2026-07-20T17:40:46Z
fnde_siope_rreo_annex8_pdf,4306809,Encantado,covered,covered,31444bbed0acfd651537f3aca38a02c7299c08c22f3f44eb9193672321896e34,2026-07-20T17:40:46Z
fnde_siope_rreo_annex8_pdf,4306908,Encruzilhada do Sul,covered,covered,31444bbed0acfd651537f3aca38a02c7299c08c22f3f44eb9193672321896e34,2026-07-20T17:40:46Z
fnde_siope_rreo_annex8_pdf,4306924,Engenho Velho,covered,covered,31444bbed0acfd651537f3aca38a02c7299c08c22f3f44eb9193672321896e34,2026-07-20T17:40:46Z
fnde_siope_rreo_annex8_pdf,4306932,Entre-Ijuís,covered,covered,31444bbed0acfd651537f3aca38a02c7299c08c22f3f44eb9193672321896e34,2026-07-20T17:40:46Z
fnde_siope_rreo_annex8_pdf,4306957,Entre Rios do Sul,covered,covered,31444bbed0acfd651537f3aca38a02c7299c08c22f3f44eb9193672321896e34,2026-07-20T17:40:46Z
fnde_siope_rreo_annex8_pdf,4306973,Erebango,covered,covered,31444bbed0acfd651537f3aca38a02c7299c08c22f3f44eb9193672321896e34,2026-07-20T17:40:46Z
fnde_siope_rreo_annex8_pdf,4307005,Erechim,covered,covered,31444bbed0acfd651537f3aca38a02c7299c08c22f3f44eb9193672321896e34,2026-07-20T17:40:46Z
fnde_siope_rreo_annex8_pdf,4307054,Ernestina,covered,covered,31444bbed0acfd651537f3aca38a02c7299c08c22f3f44eb9193672321896e34,2026-07-20T17:40:46Z
fnde_siope_rreo_annex8_pdf,4307104,Herval,covered,covered,31444bbed0acfd651537f3aca38a02c7299c08c22f3f44eb9193672321896e34,2026-07-20T17:40:46Z
fnde_siope_rreo_annex8_pdf,4307203,Erval Grande,covered,covered,31444bbed0acfd651537f3aca38a02c7299c08c22f3f44eb9193672321896e34,2026-07-20T17:40:46Z
fnde_siope_rreo_annex8_pdf,4307302,Erval Seco,covered,covered,31444bbed0acfd651537f3aca38a02c7299c08c22f3f44eb9193672321896e34,2026-07-20T17:40:46Z
fnde_siope_rreo_annex8_pdf,4307401,Esmeralda,covered,covered,31444bbed0acfd651537f3aca38a02c7299c08c22f3f44eb9193672321896e34,2026-07-20T17:40:46Z
fnde_siope_rreo_annex8_pdf,4307450,Esperança do Sul,covered,covered,31444bbed0acfd651537f3aca38a02c7299c08c22f3f44eb9193672321896e34,2026-07-20T17:40:46Z
fnde_siope_rreo_annex8_pdf,4307500,Espumoso,covered,covered,31444bbed0acfd651537f3aca38a02c7299c08c22f3f44eb9193672321896e34,2026-07-20T17:40:46Z
fnde_siope_rreo_annex8_pdf,4307559,Estação,covered,covered,31444bbed0acfd651537f3aca38a02c7299c08c22f3f44eb9193672321896e34,2026-07-20T17:40:46Z
fnde_siope_rreo_annex8_pdf,4307609,Estância Velha,covered,covered,31444bbed0acfd651537f3aca38a02c7299c08c22f3f44eb9193672321896e34,2026-07-20T17:40:46Z
fnde_siope_rreo_annex8_pdf,4307708,Esteio,covered,covered,31444bbed0acfd651537f3aca38a02c7299c08c22f3f44eb9193672321896e34,2026-07-20T17:40:46Z
fnde_siope_rreo_annex8_pdf,4307807,Estrela,covered,covered,31444bbed0acfd651537f3aca38a02c7299c08c22f3f44eb9193672321896e34,2026-07-20T17:40:46Z
fnde_siope_rreo_annex8_pdf,4307815,Estrela Velha,covered,covered,31444bbed0acfd651537f3aca38a02c7299c08c22f3f44eb9193672321896e34,2026-07-20T17:40:46Z
fnde_siope_rreo_annex8_pdf,4307831,Eugênio de Castro,covered,covered,31444bbed0acfd651537f3aca38a02c7299c08c22f3f44eb9193672321896e34,2026-07-20T17:40:46Z
fnde_siope_rreo_annex8_pdf,4307864,Fagundes Varela,covered,covered,31444bbed0acfd651537f3aca38a02c7299c08c22f3f44eb9193672321896e34,2026-07-20T17:40:46Z
fnde_siope_rreo_annex8_pdf,4307906,Farroupilha,covered,covered,31444bbed0acfd651537f3aca38a02c7299c08c22f3f44eb9193672321896e34,2026-07-20T17:40:46Z
fnde_siope_rreo_annex8_pdf,4308003,Faxinal do Soturno,covered,covered,31444bbed0acfd651537f3aca38a02c7299c08c22f3f44eb9193672321896e34,2026-07-20T17:40:46Z
fnde_siope_rreo_annex8_pdf,4308052,Faxinalzinho,covered,covered,31444bbed0acfd651537f3aca38a02c7299c08c22f3f44eb9193672321896e34,2026-07-20T17:40:46Z
fnde_siope_rreo_annex8_pdf,4308078,Fazenda Vilanova,covered,covered,31444bbed0acfd651537f3aca38a02c7299c08c22f3f44eb9193672321896e34,2026-07-20T17:40:46Z
fnde_siope_rreo_annex8_pdf,4308102,Feliz,covered,covered,31444bbed0acfd651537f3aca38a02c7299c08c22f3f44eb9193672321896e34,2026-07-20T17:40:46Z
fnde_siope_rreo_annex8_pdf,4308201,Flores da Cunha,covered,covered,31444bbed0acfd651537f3aca38a02c7299c08c22f3f44eb9193672321896e34,2026-07-20T17:40:46Z
fnde_siope_rreo_annex8_pdf,4308250,Floriano Peixoto,covered,covered,31444bbed0acfd651537f3aca38a02c7299c08c22f3f44eb9193672321896e34,2026-07-20T17:40:46Z
fnde_siope_rreo_annex8_pdf,4308300,Fontoura Xavier,covered,covered,31444bbed0acfd651537f3aca38a02c7299c08c22f3f44eb9193672321896e34,2026-07-20T17:40:46Z
fnde_siope_rreo_annex8_pdf,4308409,Formigueiro,covered,covered,31444bbed0acfd651537f3aca38a02c7299c08c22f3f44eb9193672321896e34,2026-07-20T17:40:46Z
fnde_siope_rreo_annex8_pdf,4308433,Forquetinha,covered,covered,31444bbed0acfd651537f3aca38a02c7299c08c22f3f44eb9193672321896e34,2026-07-20T17:40:46Z
fnde_siope_rreo_annex8_pdf,4308458,Fortaleza dos Valos,covered,covered,31444bbed0acfd651537f3aca38a02c7299c08c22f3f44eb9193672321896e34,2026-07-20T17:40:46Z
fnde_siope_rreo_annex8_pdf,4308508,Frederico Westphalen,covered,covered,31444bbed0acfd651537f3aca38a02c7299c08c22f3f44eb9193672321896e34,2026-07-20T17:40:46Z
fnde_siope_rreo_annex8_pdf,4308607,Garibaldi,covered,covered,31444bbed0acfd651537f3aca38a02c7299c08c22f3f44eb9193672321896e34,2026-07-20T17:40:46Z
fnde_siope_rreo_annex8_pdf,4308656,Garruchos,covered,covered,31444bbed0acfd651537f3aca38a02c7299c08c22f3f44eb9193672321896e34,2026-07-20T17:40:46Z
fnde_siope_rreo_annex8_pdf,4308706,Gaurama,covered,covered,31444bbed0acfd651537f3aca38a02c7299c08c22f3f44eb9193672321896e34,2026-07-20T17:40:46Z
fnde_siope_rreo_annex8_pdf,4308805,General Câmara,covered,missing,31444bbed0acfd651537f3aca38a02c7299c08c22f3f44eb9193672321896e34,2026-07-20T17:40:46Z
fnde_siope_rreo_annex8_pdf,4308854,Gentil,covered,covered,31444bbed0acfd651537f3aca38a02c7299c08c22f3f44eb9193672321896e34,2026-07-20T17:40:46Z
fnde_siope_rreo_annex8_pdf,4308904,Getúlio Vargas,covered,covered,31444bbed0acfd651537f3aca38a02c7299c08c22f3f44eb9193672321896e34,2026-07-20T17:40:46Z
fnde_siope_rreo_annex8_pdf,4309001,Giruá,covered,covered,31444bbed0acfd651537f3aca38a02c7299c08c22f3f44eb9193672321896e34,2026-07-20T17:40:46Z
fnde_siope_rreo_annex8_pdf,4309050,Glorinha,covered,covered,31444bbed0acfd651537f3aca38a02c7299c08c22f3f44eb9193672321896e34,2026-07-20T17:40:46Z
fnde_siope_rreo_annex8_pdf,4309100,Gramado,covered,covered,31444bbed0acfd651537f3aca38a02c7299c08c22f3f44eb9193672321896e34,2026-07-20T17:40:46Z
fnde_siope_rreo_annex8_pdf,4309126,Gramado dos Loureiros,covered,covered,31444bbed0acfd651537f3aca38a02c7299c08c22f3f44eb9193672321896e34,2026-07-20T17:40:46Z
fnde_siope_rreo_annex8_pdf,4309159,Gramado Xavier,covered,covered,31444bbed0acfd651537f3aca38a02c7299c08c22f3f44eb9193672321896e34,2026-07-20T17:40:46Z
fnde_siope_rreo_annex8_pdf,4309209,Gravataí,covered,covered,31444bbed0acfd651537f3aca38a02c7299c08c22f3f44eb9193672321896e34,2026-07-20T17:40:46Z
fnde_siope_rreo_annex8_pdf,4309258,Guabiju,covered,covered,31444bbed0acfd651537f3aca38a02c7299c08c22f3f44eb9193672321896e34,2026-07-20T17:40:46Z
fnde_siope_rreo_annex8_pdf,4309308,Guaíba,covered,covered,31444bbed0acfd651537f3aca38a02c7299c08c22f3f44eb9193672321896e34,2026-07-20T17:40:46Z
fnde_siope_rreo_annex8_pdf,4309407,Guaporé,covered,covered,31444bbed0acfd651537f3aca38a02c7299c08c22f3f44eb9193672321896e34,2026-07-20T17:40:46Z
fnde_siope_rreo_annex8_pdf,4309506,Guarani das Missões,covered,covered,31444bbed0acfd651537f3aca38a02c7299c08c22f3f44eb9193672321896e34,2026-07-20T17:40:46Z
fnde_siope_rreo_annex8_pdf,4309555,Harmonia,covered,covered,31444bbed0acfd651537f3aca38a02c7299c08c22f3f44eb9193672321896e34,2026-07-20T17:40:46Z
fnde_siope_rreo_annex8_pdf,4309571,Herveiras,covered,covered,31444bbed0acfd651537f3aca38a02c7299c08c22f3f44eb9193672321896e34,2026-07-20T17:40:46Z
fnde_siope_rreo_annex8_pdf,4309605,Horizontina,covered,covered,31444bbed0acfd651537f3aca38a02c7299c08c22f3f44eb9193672321896e34,2026-07-20T17:40:46Z
fnde_siope_rreo_annex8_pdf,4309654,Hulha Negra,covered,covered,31444bbed0acfd651537f3aca38a02c7299c08c22f3f44eb9193672321896e34,2026-07-20T17:40:46Z
fnde_siope_rreo_annex8_pdf,4309704,Humaitá,covered,covered,31444bbed0acfd651537f3aca38a02c7299c08c22f3f44eb9193672321896e34,2026-07-20T17:40:46Z
fnde_siope_rreo_annex8_pdf,4309753,Ibarama,covered,covered,31444bbed0acfd651537f3aca38a02c7299c08c22f3f44eb9193672321896e34,2026-07-20T17:40:46Z
fnde_siope_rreo_annex8_pdf,4309803,Ibiaçá,covered,covered,31444bbed0acfd651537f3aca38a02c7299c08c22f3f44eb9193672321896e34,2026-07-20T17:40:46Z
fnde_siope_rreo_annex8_pdf,4309902,Ibiraiaras,covered,covered,31444bbed0acfd651537f3aca38a02c7299c08c22f3f44eb9193672321896e34,2026-07-20T17:40:46Z
fnde_siope_rreo_annex8_pdf,4309951,Ibirapuitã,covered,covered,31444bbed0acfd651537f3aca38a02c7299c08c22f3f44eb9193672321896e34,2026-07-20T17:40:46Z
fnde_siope_rreo_annex8_pdf,4310009,Ibirubá,covered,covered,31444bbed0acfd651537f3aca38a02c7299c08c22f3f44eb9193672321896e34,2026-07-20T17:40:46Z
fnde_siope_rreo_annex8_pdf,4310108,Igrejinha,covered,covered,31444bbed0acfd651537f3aca38a02c7299c08c22f3f44eb9193672321896e34,2026-07-20T17:40:46Z
fnde_siope_rreo_annex8_pdf,4310207,Ijuí,covered,covered,31444bbed0acfd651537f3aca38a02c7299c08c22f3f44eb9193672321896e34,2026-07-20T17:40:46Z
fnde_siope_rreo_annex8_pdf,4310306,Ilópolis,covered,covered,31444bbed0acfd651537f3aca38a02c7299c08c22f3f44eb9193672321896e34,2026-07-20T17:40:46Z
fnde_siope_rreo_annex8_pdf,4310330,Imbé,covered,covered,31444bbed0acfd651537f3aca38a02c7299c08c22f3f44eb9193672321896e34,2026-07-20T17:40:46Z
fnde_siope_rreo_annex8_pdf,4310363,Imigrante,covered,covered,31444bbed0acfd651537f3aca38a02c7299c08c22f3f44eb9193672321896e34,2026-07-20T17:40:46Z
fnde_siope_rreo_annex8_pdf,4310405,Independência,covered,covered,31444bbed0acfd651537f3aca38a02c7299c08c22f3f44eb9193672321896e34,2026-07-20T17:40:46Z
fnde_siope_rreo_annex8_pdf,4310413,Inhacorá,covered,covered,31444bbed0acfd651537f3aca38a02c7299c08c22f3f44eb9193672321896e34,2026-07-20T17:40:46Z
fnde_siope_rreo_annex8_pdf,4310439,Ipê,covered,covered,31444bbed0acfd651537f3aca38a02c7299c08c22f3f44eb9193672321896e34,2026-07-20T17:40:46Z
fnde_siope_rreo_annex8_pdf,4310462,Ipiranga do Sul,covered,covered,31444bbed0acfd651537f3aca38a02c7299c08c22f3f44eb9193672321896e34,2026-07-20T17:40:46Z
fnde_siope_rreo_annex8_pdf,4310504,Iraí,covered,covered,31444bbed0acfd651537f3aca38a02c7299c08c22f3f44eb9193672321896e34,2026-07-20T17:40:46Z
fnde_siope_rreo_annex8_pdf,4310538,Itaara,covered,covered,31444bbed0acfd651537f3aca38a02c7299c08c22f3f44eb9193672321896e34,2026-07-20T17:40:46Z
fnde_siope_rreo_annex8_pdf,4310553,Itacurubi,covered,covered,31444bbed0acfd651537f3aca38a02c7299c08c22f3f44eb9193672321896e34,2026-07-20T17:40:46Z
fnde_siope_rreo_annex8_pdf,4310579,Itapuca,covered,covered,31444bbed0acfd651537f3aca38a02c7299c08c22f3f44eb9193672321896e34,2026-07-20T17:40:46Z
fnde_siope_rreo_annex8_pdf,4310603,Itaqui,covered,covered,31444bbed0acfd651537f3aca38a02c7299c08c22f3f44eb9193672321896e34,2026-07-20T17:40:46Z
fnde_siope_rreo_annex8_pdf,4310652,Itati,covered,covered,31444bbed0acfd651537f3aca38a02c7299c08c22f3f44eb9193672321896e34,2026-07-20T17:40:46Z
fnde_siope_rreo_annex8_pdf,4310702,Itatiba do Sul,covered,covered,31444bbed0acfd651537f3aca38a02c7299c08c22f3f44eb9193672321896e34,2026-07-20T17:40:46Z
fnde_siope_rreo_annex8_pdf,4310751,Ivorá,covered,covered,31444bbed0acfd651537f3aca38a02c7299c08c22f3f44eb9193672321896e34,2026-07-20T17:40:46Z
fnde_siope_rreo_annex8_pdf,4310801,Ivoti,covered,covered,31444bbed0acfd651537f3aca38a02c7299c08c22f3f44eb9193672321896e34,2026-07-20T17:40:46Z
fnde_siope_rreo_annex8_pdf,4310850,Jaboticaba,covered,covered,31444bbed0acfd651537f3aca38a02c7299c08c22f3f44eb9193672321896e34,2026-07-20T17:40:46Z
fnde_siope_rreo_annex8_pdf,4310876,Jacuizinho,covered,covered,31444bbed0acfd651537f3aca38a02c7299c08c22f3f44eb9193672321896e34,2026-07-20T17:40:46Z
fnde_siope_rreo_annex8_pdf,4310900,Jacutinga,covered,covered,31444bbed0acfd651537f3aca38a02c7299c08c22f3f44eb9193672321896e34,2026-07-20T17:40:46Z
fnde_siope_rreo_annex8_pdf,4311007,Jaguarão,covered,covered,31444bbed0acfd651537f3aca38a02c7299c08c22f3f44eb9193672321896e34,2026-07-20T17:40:46Z
fnde_siope_rreo_annex8_pdf,4311106,Jaguari,covered,covered,31444bbed0acfd651537f3aca38a02c7299c08c22f3f44eb9193672321896e34,2026-07-20T17:40:46Z
fnde_siope_rreo_annex8_pdf,4311122,Jaquirana,covered,covered,31444bbed0acfd651537f3aca38a02c7299c08c22f3f44eb9193672321896e34,2026-07-20T17:40:46Z
fnde_siope_rreo_annex8_pdf,4311130,Jari,covered,covered,31444bbed0acfd651537f3aca38a02c7299c08c22f3f44eb9193672321896e34,2026-07-20T17:40:46Z
fnde_siope_rreo_annex8_pdf,4311155,Jóia,covered,covered,31444bbed0acfd651537f3aca38a02c7299c08c22f3f44eb9193672321896e34,2026-07-20T17:40:46Z
fnde_siope_rreo_annex8_pdf,4311205,Júlio de Castilhos,covered,covered,31444bbed0acfd651537f3aca38a02c7299c08c22f3f44eb9193672321896e34,2026-07-20T17:40:46Z
fnde_siope_rreo_annex8_pdf,4311239,Lagoa Bonita do Sul,covered,covered,31444bbed0acfd651537f3aca38a02c7299c08c22f3f44eb9193672321896e34,2026-07-20T17:40:46Z
fnde_siope_rreo_annex8_pdf,4311254,Lagoão,covered,covered,31444bbed0acfd651537f3aca38a02c7299c08c22f3f44eb9193672321896e34,2026-07-20T17:40:46Z
fnde_siope_rreo_annex8_pdf,4311270,Lagoa dos Três Cantos,covered,covered,31444bbed0acfd651537f3aca38a02c7299c08c22f3f44eb9193672321896e34,2026-07-20T17:40:46Z
fnde_siope_rreo_annex8_pdf,4311304,Lagoa Vermelha,covered,covered,31444bbed0acfd651537f3aca38a02c7299c08c22f3f44eb9193672321896e34,2026-07-20T17:40:46Z
fnde_siope_rreo_annex8_pdf,4311403,Lajeado,covered,covered,31444bbed0acfd651537f3aca38a02c7299c08c22f3f44eb9193672321896e34,2026-07-20T17:40:46Z
fnde_siope_rreo_annex8_pdf,4311429,Lajeado do Bugre,covered,covered,31444bbed0acfd651537f3aca38a02c7299c08c22f3f44eb9193672321896e34,2026-07-20T17:40:46Z
fnde_siope_rreo_annex8_pdf,4311502,Lavras do Sul,covered,covered,31444bbed0acfd651537f3aca38a02c7299c08c22f3f44eb9193672321896e34,2026-07-20T17:40:46Z
fnde_siope_rreo_annex8_pdf,4311601,Liberato Salzano,covered,covered,31444bbed0acfd651537f3aca38a02c7299c08c22f3f44eb9193672321896e34,2026-07-20T17:40:46Z
fnde_siope_rreo_annex8_pdf,4311627,Lindolfo Collor,covered,covered,31444bbed0acfd651537f3aca38a02c7299c08c22f3f44eb9193672321896e34,2026-07-20T17:40:46Z
fnde_siope_rreo_annex8_pdf,4311643,Linha Nova,covered,covered,31444bbed0acfd651537f3aca38a02c7299c08c22f3f44eb9193672321896e34,2026-07-20T17:40:46Z
fnde_siope_rreo_annex8_pdf,4311700,Machadinho,covered,covered,31444bbed0acfd651537f3aca38a02c7299c08c22f3f44eb9193672321896e34,2026-07-20T17:40:46Z
fnde_siope_rreo_annex8_pdf,4311718,Maçambará,covered,covered,31444bbed0acfd651537f3aca38a02c7299c08c22f3f44eb9193672321896e34,2026-07-20T17:40:46Z
fnde_siope_rreo_annex8_pdf,4311734,Mampituba,covered,covered,31444bbed0acfd651537f3aca38a02c7299c08c22f3f44eb9193672321896e34,2026-07-20T17:40:46Z
fnde_siope_rreo_annex8_pdf,4311759,Manoel Viana,covered,covered,31444bbed0acfd651537f3aca38a02c7299c08c22f3f44eb9193672321896e34,2026-07-20T17:40:46Z
fnde_siope_rreo_annex8_pdf,4311775,Maquiné,covered,covered,31444bbed0acfd651537f3aca38a02c7299c08c22f3f44eb9193672321896e34,2026-07-20T17:40:46Z
fnde_siope_rreo_annex8_pdf,4311791,Maratá,covered,covered,31444bbed0acfd651537f3aca38a02c7299c08c22f3f44eb9193672321896e34,2026-07-20T17:40:46Z
fnde_siope_rreo_annex8_pdf,4311809,Marau,covered,covered,31444bbed0acfd651537f3aca38a02c7299c08c22f3f44eb9193672321896e34,2026-07-20T17:40:46Z
fnde_siope_rreo_annex8_pdf,4311908,Marcelino Ramos,covered,covered,31444bbed0acfd651537f3aca38a02c7299c08c22f3f44eb9193672321896e34,2026-07-20T17:40:46Z
fnde_siope_rreo_annex8_pdf,4311981,Mariana Pimentel,covered,covered,31444bbed0acfd651537f3aca38a02c7299c08c22f3f44eb9193672321896e34,2026-07-20T17:40:46Z
fnde_siope_rreo_annex8_pdf,4312005,Mariano Moro,covered,covered,31444bbed0acfd651537f3aca38a02c7299c08c22f3f44eb9193672321896e34,2026-07-20T17:40:46Z
fnde_siope_rreo_annex8_pdf,4312054,Marques de Souza,covered,covered,31444bbed0acfd651537f3aca38a02c7299c08c22f3f44eb9193672321896e34,2026-07-20T17:40:46Z
fnde_siope_rreo_annex8_pdf,4312104,Mata,covered,covered,31444bbed0acfd651537f3aca38a02c7299c08c22f3f44eb9193672321896e34,2026-07-20T17:40:46Z
fnde_siope_rreo_annex8_pdf,4312138,Mato Castelhano,covered,covered,31444bbed0acfd651537f3aca38a02c7299c08c22f3f44eb9193672321896e34,2026-07-20T17:40:46Z
fnde_siope_rreo_annex8_pdf,4312153,Mato Leitão,covered,covered,31444bbed0acfd651537f3aca38a02c7299c08c22f3f44eb9193672321896e34,2026-07-20T17:40:46Z
fnde_siope_rreo_annex8_pdf,4312179,Mato Queimado,covered,covered,31444bbed0acfd651537f3aca38a02c7299c08c22f3f44eb9193672321896e34,2026-07-20T17:40:46Z
fnde_siope_rreo_annex8_pdf,4312203,Maximiliano de Almeida,covered,covered,31444bbed0acfd651537f3aca38a02c7299c08c22f3f44eb9193672321896e34,2026-07-20T17:40:46Z
fnde_siope_rreo_annex8_pdf,4312252,Minas do Leão,covered,covered,31444bbed0acfd651537f3aca38a02c7299c08c22f3f44eb9193672321896e34,2026-07-20T17:40:46Z
fnde_siope_rreo_annex8_pdf,4312302,Miraguaí,covered,covered,31444bbed0acfd651537f3aca38a02c7299c08c22f3f44eb9193672321896e34,2026-07-20T17:40:46Z
fnde_siope_rreo_annex8_pdf,4312351,Montauri,covered,covered,31444bbed0acfd651537f3aca38a02c7299c08c22f3f44eb9193672321896e34,2026-07-20T17:40:46Z
fnde_siope_rreo_annex8_pdf,4312377,Monte Alegre dos Campos,covered,covered,31444bbed0acfd651537f3aca38a02c7299c08c22f3f44eb9193672321896e34,2026-07-20T17:40:46Z
fnde_siope_rreo_annex8_pdf,4312385,Monte Belo do Sul,covered,covered,31444bbed0acfd651537f3aca38a02c7299c08c22f3f44eb9193672321896e34,2026-07-20T17:40:46Z
fnde_siope_rreo_annex8_pdf,4312401,Montenegro,covered,covered,31444bbed0acfd651537f3aca38a02c7299c08c22f3f44eb9193672321896e34,2026-07-20T17:40:46Z
fnde_siope_rreo_annex8_pdf,4312427,Mormaço,covered,covered,31444bbed0acfd651537f3aca38a02c7299c08c22f3f44eb9193672321896e34,2026-07-20T17:40:46Z
fnde_siope_rreo_annex8_pdf,4312443,Morrinhos do Sul,covered,covered,31444bbed0acfd651537f3aca38a02c7299c08c22f3f44eb9193672321896e34,2026-07-20T17:40:46Z
fnde_siope_rreo_annex8_pdf,4312450,Morro Redondo,covered,covered,31444bbed0acfd651537f3aca38a02c7299c08c22f3f44eb9193672321896e34,2026-07-20T17:40:46Z
fnde_siope_rreo_annex8_pdf,4312476,Morro Reuter,covered,covered,31444bbed0acfd651537f3aca38a02c7299c08c22f3f44eb9193672321896e34,2026-07-20T17:40:46Z
fnde_siope_rreo_annex8_pdf,4312500,Mostardas,covered,covered,31444bbed0acfd651537f3aca38a02c7299c08c22f3f44eb9193672321896e34,2026-07-20T17:40:46Z
fnde_siope_rreo_annex8_pdf,4312609,Muçum,covered,covered,31444bbed0acfd651537f3aca38a02c7299c08c22f3f44eb9193672321896e34,2026-07-20T17:40:46Z
fnde_siope_rreo_annex8_pdf,4312617,Muitos Capões,covered,covered,31444bbed0acfd651537f3aca38a02c7299c08c22f3f44eb9193672321896e34,2026-07-20T17:40:46Z
fnde_siope_rreo_annex8_pdf,4312625,Muliterno,covered,covered,31444bbed0acfd651537f3aca38a02c7299c08c22f3f44eb9193672321896e34,2026-07-20T17:40:46Z
fnde_siope_rreo_annex8_pdf,4312658,Não-Me-Toque,covered,covered,31444bbed0acfd651537f3aca38a02c7299c08c22f3f44eb9193672321896e34,2026-07-20T17:40:46Z
fnde_siope_rreo_annex8_pdf,4312674,Nicolau Vergueiro,covered,covered,31444bbed0acfd651537f3aca38a02c7299c08c22f3f44eb9193672321896e34,2026-07-20T17:40:46Z
fnde_siope_rreo_annex8_pdf,4312708,Nonoai,covered,covered,31444bbed0acfd651537f3aca38a02c7299c08c22f3f44eb9193672321896e34,2026-07-20T17:40:46Z
fnde_siope_rreo_annex8_pdf,4312757,Nova Alvorada,covered,covered,31444bbed0acfd651537f3aca38a02c7299c08c22f3f44eb9193672321896e34,2026-07-20T17:40:46Z
fnde_siope_rreo_annex8_pdf,4312807,Nova Araçá,covered,covered,31444bbed0acfd651537f3aca38a02c7299c08c22f3f44eb9193672321896e34,2026-07-20T17:40:46Z
fnde_siope_rreo_annex8_pdf,4312906,Nova Bassano,covered,covered,31444bbed0acfd651537f3aca38a02c7299c08c22f3f44eb9193672321896e34,2026-07-20T17:40:46Z
fnde_siope_rreo_annex8_pdf,4312955,Nova Boa Vista,covered,covered,31444bbed0acfd651537f3aca38a02c7299c08c22f3f44eb9193672321896e34,2026-07-20T17:40:46Z
fnde_siope_rreo_annex8_pdf,4313003,Nova Bréscia,covered,covered,31444bbed0acfd651537f3aca38a02c7299c08c22f3f44eb9193672321896e34,2026-07-20T17:40:46Z
fnde_siope_rreo_annex8_pdf,4313011,Nova Candelária,covered,covered,31444bbed0acfd651537f3aca38a02c7299c08c22f3f44eb9193672321896e34,2026-07-20T17:40:46Z
fnde_siope_rreo_annex8_pdf,4313037,Nova Esperança do Sul,covered,covered,31444bbed0acfd651537f3aca38a02c7299c08c22f3f44eb9193672321896e34,2026-07-20T17:40:46Z
fnde_siope_rreo_annex8_pdf,4313060,Nova Hartz,covered,covered,31444bbed0acfd651537f3aca38a02c7299c08c22f3f44eb9193672321896e34,2026-07-20T17:40:46Z
fnde_siope_rreo_annex8_pdf,4313086,Nova Pádua,covered,covered,31444bbed0acfd651537f3aca38a02c7299c08c22f3f44eb9193672321896e34,2026-07-20T17:40:46Z
fnde_siope_rreo_annex8_pdf,4313102,Nova Palma,covered,covered,31444bbed0acfd651537f3aca38a02c7299c08c22f3f44eb9193672321896e34,2026-07-20T17:40:46Z
fnde_siope_rreo_annex8_pdf,4313201,Nova Petrópolis,covered,covered,31444bbed0acfd651537f3aca38a02c7299c08c22f3f44eb9193672321896e34,2026-07-20T17:40:46Z
fnde_siope_rreo_annex8_pdf,4313300,Nova Prata,covered,covered,31444bbed0acfd651537f3aca38a02c7299c08c22f3f44eb9193672321896e34,2026-07-20T17:40:46Z
fnde_siope_rreo_annex8_pdf,4313334,Nova Ramada,covered,covered,31444bbed0acfd651537f3aca38a02c7299c08c22f3f44eb9193672321896e34,2026-07-20T17:40:46Z
fnde_siope_rreo_annex8_pdf,4313359,Nova Roma do Sul,covered,covered,31444bbed0acfd651537f3aca38a02c7299c08c22f3f44eb9193672321896e34,2026-07-20T17:40:46Z
fnde_siope_rreo_annex8_pdf,4313375,Nova Santa Rita,covered,covered,31444bbed0acfd651537f3aca38a02c7299c08c22f3f44eb9193672321896e34,2026-07-20T17:40:46Z
fnde_siope_rreo_annex8_pdf,4313391,Novo Cabrais,covered,covered,31444bbed0acfd651537f3aca38a02c7299c08c22f3f44eb9193672321896e34,2026-07-20T17:40:46Z
fnde_siope_rreo_annex8_pdf,4313409,Novo Hamburgo,covered,covered,31444bbed0acfd651537f3aca38a02c7299c08c22f3f44eb9193672321896e34,2026-07-20T17:40:46Z
fnde_siope_rreo_annex8_pdf,4313425,Novo Machado,covered,covered,31444bbed0acfd651537f3aca38a02c7299c08c22f3f44eb9193672321896e34,2026-07-20T17:40:46Z
fnde_siope_rreo_annex8_pdf,4313441,Novo Tiradentes,covered,covered,31444bbed0acfd651537f3aca38a02c7299c08c22f3f44eb9193672321896e34,2026-07-20T17:40:46Z
fnde_siope_rreo_annex8_pdf,4313466,Novo Xingu,covered,covered,31444bbed0acfd651537f3aca38a02c7299c08c22f3f44eb9193672321896e34,2026-07-20T17:40:46Z
fnde_siope_rreo_annex8_pdf,4313490,Novo Barreiro,covered,covered,31444bbed0acfd651537f3aca38a02c7299c08c22f3f44eb9193672321896e34,2026-07-20T17:40:46Z
fnde_siope_rreo_annex8_pdf,4313508,Osório,covered,covered,31444bbed0acfd651537f3aca38a02c7299c08c22f3f44eb9193672321896e34,2026-07-20T17:40:46Z
fnde_siope_rreo_annex8_pdf,4313607,Paim Filho,covered,covered,31444bbed0acfd651537f3aca38a02c7299c08c22f3f44eb9193672321896e34,2026-07-20T17:40:46Z
fnde_siope_rreo_annex8_pdf,4313656,Palmares do Sul,covered,covered,31444bbed0acfd651537f3aca38a02c7299c08c22f3f44eb9193672321896e34,2026-07-20T17:40:46Z
fnde_siope_rreo_annex8_pdf,4313706,Palmeira das Missões,covered,covered,31444bbed0acfd651537f3aca38a02c7299c08c22f3f44eb9193672321896e34,2026-07-20T17:40:46Z
fnde_siope_rreo_annex8_pdf,4313805,Palmitinho,covered,covered,31444bbed0acfd651537f3aca38a02c7299c08c22f3f44eb9193672321896e34,2026-07-20T17:40:46Z
fnde_siope_rreo_annex8_pdf,4313904,Panambi,covered,covered,31444bbed0acfd651537f3aca38a02c7299c08c22f3f44eb9193672321896e34,2026-07-20T17:40:46Z
fnde_siope_rreo_annex8_pdf,4313953,Pantano Grande,covered,covered,31444bbed0acfd651537f3aca38a02c7299c08c22f3f44eb9193672321896e34,2026-07-20T17:40:46Z
fnde_siope_rreo_annex8_pdf,4314001,Paraí,covered,covered,31444bbed0acfd651537f3aca38a02c7299c08c22f3f44eb9193672321896e34,2026-07-20T17:40:46Z
fnde_siope_rreo_annex8_pdf,4314027,Paraíso do Sul,covered,covered,31444bbed0acfd651537f3aca38a02c7299c08c22f3f44eb9193672321896e34,2026-07-20T17:40:46Z
fnde_siope_rreo_annex8_pdf,4314035,Pareci Novo,covered,covered,31444bbed0acfd651537f3aca38a02c7299c08c22f3f44eb9193672321896e34,2026-07-20T17:40:46Z
fnde_siope_rreo_annex8_pdf,4314050,Parobé,covered,covered,31444bbed0acfd651537f3aca38a02c7299c08c22f3f44eb9193672321896e34,2026-07-20T17:40:46Z
fnde_siope_rreo_annex8_pdf,4314068,Passa Sete,covered,covered,31444bbed0acfd651537f3aca38a02c7299c08c22f3f44eb9193672321896e34,2026-07-20T17:40:46Z
fnde_siope_rreo_annex8_pdf,4314076,Passo do Sobrado,covered,covered,31444bbed0acfd651537f3aca38a02c7299c08c22f3f44eb9193672321896e34,2026-07-20T17:40:46Z
fnde_siope_rreo_annex8_pdf,4314100,Passo Fundo,covered,covered,31444bbed0acfd651537f3aca38a02c7299c08c22f3f44eb9193672321896e34,2026-07-20T17:40:46Z
fnde_siope_rreo_annex8_pdf,4314134,Paulo Bento,covered,covered,31444bbed0acfd651537f3aca38a02c7299c08c22f3f44eb9193672321896e34,2026-07-20T17:40:46Z
fnde_siope_rreo_annex8_pdf,4314159,Paverama,covered,covered,31444bbed0acfd651537f3aca38a02c7299c08c22f3f44eb9193672321896e34,2026-07-20T17:40:46Z
fnde_siope_rreo_annex8_pdf,4314175,Pedras Altas,covered,covered,31444bbed0acfd651537f3aca38a02c7299c08c22f3f44eb9193672321896e34,2026-07-20T17:40:46Z
fnde_siope_rreo_annex8_pdf,4314209,Pedro Osório,covered,covered,31444bbed0acfd651537f3aca38a02c7299c08c22f3f44eb9193672321896e34,2026-07-20T17:40:46Z
fnde_siope_rreo_annex8_pdf,4314308,Pejuçara,covered,covered,31444bbed0acfd651537f3aca38a02c7299c08c22f3f44eb9193672321896e34,2026-07-20T17:40:46Z
fnde_siope_rreo_annex8_pdf,4314407,Pelotas,covered,covered,31444bbed0acfd651537f3aca38a02c7299c08c22f3f44eb9193672321896e34,2026-07-20T17:40:46Z
fnde_siope_rreo_annex8_pdf,4314423,Picada Café,covered,covered,31444bbed0acfd651537f3aca38a02c7299c08c22f3f44eb9193672321896e34,2026-07-20T17:40:46Z
fnde_siope_rreo_annex8_pdf,4314456,Pinhal,covered,covered,31444bbed0acfd651537f3aca38a02c7299c08c22f3f44eb9193672321896e34,2026-07-20T17:40:46Z
fnde_siope_rreo_annex8_pdf,4314464,Pinhal da Serra,covered,covered,31444bbed0acfd651537f3aca38a02c7299c08c22f3f44eb9193672321896e34,2026-07-20T17:40:46Z
fnde_siope_rreo_annex8_pdf,4314472,Pinhal Grande,covered,covered,31444bbed0acfd651537f3aca38a02c7299c08c22f3f44eb9193672321896e34,2026-07-20T17:40:46Z
fnde_siope_rreo_annex8_pdf,4314498,Pinheirinho do Vale,covered,covered,31444bbed0acfd651537f3aca38a02c7299c08c22f3f44eb9193672321896e34,2026-07-20T17:40:46Z
fnde_siope_rreo_annex8_pdf,4314506,Pinheiro Machado,covered,covered,31444bbed0acfd651537f3aca38a02c7299c08c22f3f44eb9193672321896e34,2026-07-20T17:40:46Z
fnde_siope_rreo_annex8_pdf,4314548,Pinto Bandeira,covered,missing,31444bbed0acfd651537f3aca38a02c7299c08c22f3f44eb9193672321896e34,2026-07-20T17:40:46Z
fnde_siope_rreo_annex8_pdf,4314555,Pirapó,covered,covered,31444bbed0acfd651537f3aca38a02c7299c08c22f3f44eb9193672321896e34,2026-07-20T17:40:46Z
fnde_siope_rreo_annex8_pdf,4314605,Piratini,covered,covered,31444bbed0acfd651537f3aca38a02c7299c08c22f3f44eb9193672321896e34,2026-07-20T17:40:46Z
fnde_siope_rreo_annex8_pdf,4314704,Planalto,covered,covered,31444bbed0acfd651537f3aca38a02c7299c08c22f3f44eb9193672321896e34,2026-07-20T17:40:46Z
fnde_siope_rreo_annex8_pdf,4314753,Poço das Antas,covered,covered,31444bbed0acfd651537f3aca38a02c7299c08c22f3f44eb9193672321896e34,2026-07-20T17:40:46Z
fnde_siope_rreo_annex8_pdf,4314779,Pontão,covered,covered,31444bbed0acfd651537f3aca38a02c7299c08c22f3f44eb9193672321896e34,2026-07-20T17:40:46Z
fnde_siope_rreo_annex8_pdf,4314787,Ponte Preta,covered,missing,31444bbed0acfd651537f3aca38a02c7299c08c22f3f44eb9193672321896e34,2026-07-20T17:40:46Z
fnde_siope_rreo_annex8_pdf,4314803,Portão,covered,covered,31444bbed0acfd651537f3aca38a02c7299c08c22f3f44eb9193672321896e34,2026-07-20T17:40:46Z
fnde_siope_rreo_annex8_pdf,4314902,Porto Alegre,covered,covered,31444bbed0acfd651537f3aca38a02c7299c08c22f3f44eb9193672321896e34,2026-07-20T17:40:46Z
fnde_siope_rreo_annex8_pdf,4315008,Porto Lucena,covered,covered,31444bbed0acfd651537f3aca38a02c7299c08c22f3f44eb9193672321896e34,2026-07-20T17:40:46Z
fnde_siope_rreo_annex8_pdf,4315057,Porto Mauá,covered,covered,31444bbed0acfd651537f3aca38a02c7299c08c22f3f44eb9193672321896e34,2026-07-20T17:40:46Z
fnde_siope_rreo_annex8_pdf,4315073,Porto Vera Cruz,covered,covered,31444bbed0acfd651537f3aca38a02c7299c08c22f3f44eb9193672321896e34,2026-07-20T17:40:46Z
fnde_siope_rreo_annex8_pdf,4315107,Porto Xavier,covered,covered,31444bbed0acfd651537f3aca38a02c7299c08c22f3f44eb9193672321896e34,2026-07-20T17:40:46Z
fnde_siope_rreo_annex8_pdf,4315131,Pouso Novo,covered,covered,31444bbed0acfd651537f3aca38a02c7299c08c22f3f44eb9193672321896e34,2026-07-20T17:40:46Z
fnde_siope_rreo_annex8_pdf,4315149,Presidente Lucena,covered,covered,31444bbed0acfd651537f3aca38a02c7299c08c22f3f44eb9193672321896e34,2026-07-20T17:40:46Z
fnde_siope_rreo_annex8_pdf,4315156,Progresso,covered,covered,31444bbed0acfd651537f3aca38a02c7299c08c22f3f44eb9193672321896e34,2026-07-20T17:40:46Z
fnde_siope_rreo_annex8_pdf,4315172,Protásio Alves,covered,covered,31444bbed0acfd651537f3aca38a02c7299c08c22f3f44eb9193672321896e34,2026-07-20T17:40:46Z
fnde_siope_rreo_annex8_pdf,4315206,Putinga,covered,covered,31444bbed0acfd651537f3aca38a02c7299c08c22f3f44eb9193672321896e34,2026-07-20T17:40:46Z
fnde_siope_rreo_annex8_pdf,4315305,Quaraí,covered,covered,31444bbed0acfd651537f3aca38a02c7299c08c22f3f44eb9193672321896e34,2026-07-20T17:40:46Z
fnde_siope_rreo_annex8_pdf,4315313,Quatro Irmãos,covered,covered,31444bbed0acfd651537f3aca38a02c7299c08c22f3f44eb9193672321896e34,2026-07-20T17:40:46Z
fnde_siope_rreo_annex8_pdf,4315321,Quevedos,covered,covered,31444bbed0acfd651537f3aca38a02c7299c08c22f3f44eb9193672321896e34,2026-07-20T17:40:46Z
fnde_siope_rreo_annex8_pdf,4315354,Quinze de Novembro,covered,covered,31444bbed0acfd651537f3aca38a02c7299c08c22f3f44eb9193672321896e34,2026-07-20T17:40:46Z
fnde_siope_rreo_annex8_pdf,4315404,Redentora,covered,covered,31444bbed0acfd651537f3aca38a02c7299c08c22f3f44eb9193672321896e34,2026-07-20T17:40:46Z
fnde_siope_rreo_annex8_pdf,4315453,Relvado,covered,covered,31444bbed0acfd651537f3aca38a02c7299c08c22f3f44eb9193672321896e34,2026-07-20T17:40:46Z
fnde_siope_rreo_annex8_pdf,4315503,Restinga Seca,covered,covered,31444bbed0acfd651537f3aca38a02c7299c08c22f3f44eb9193672321896e34,2026-07-20T17:40:46Z
fnde_siope_rreo_annex8_pdf,4315552,Rio dos Índios,covered,covered,31444bbed0acfd651537f3aca38a02c7299c08c22f3f44eb9193672321896e34,2026-07-20T17:40:46Z
fnde_siope_rreo_annex8_pdf,4315602,Rio Grande,covered,covered,31444bbed0acfd651537f3aca38a02c7299c08c22f3f44eb9193672321896e34,2026-07-20T17:40:46Z
fnde_siope_rreo_annex8_pdf,4315701,Rio Pardo,covered,covered,31444bbed0acfd651537f3aca38a02c7299c08c22f3f44eb9193672321896e34,2026-07-20T17:40:46Z
fnde_siope_rreo_annex8_pdf,4315750,Riozinho,covered,covered,31444bbed0acfd651537f3aca38a02c7299c08c22f3f44eb9193672321896e34,2026-07-20T17:40:46Z
fnde_siope_rreo_annex8_pdf,4315800,Roca Sales,covered,covered,31444bbed0acfd651537f3aca38a02c7299c08c22f3f44eb9193672321896e34,2026-07-20T17:40:46Z
fnde_siope_rreo_annex8_pdf,4315909,Rodeio Bonito,covered,covered,31444bbed0acfd651537f3aca38a02c7299c08c22f3f44eb9193672321896e34,2026-07-20T17:40:46Z
fnde_siope_rreo_annex8_pdf,4315958,Rolador,covered,covered,31444bbed0acfd651537f3aca38a02c7299c08c22f3f44eb9193672321896e34,2026-07-20T17:40:46Z
fnde_siope_rreo_annex8_pdf,4316006,Rolante,covered,covered,31444bbed0acfd651537f3aca38a02c7299c08c22f3f44eb9193672321896e34,2026-07-20T17:40:46Z
fnde_siope_rreo_annex8_pdf,4316105,Ronda Alta,covered,covered,31444bbed0acfd651537f3aca38a02c7299c08c22f3f44eb9193672321896e34,2026-07-20T17:40:46Z
fnde_siope_rreo_annex8_pdf,4316204,Rondinha,covered,covered,31444bbed0acfd651537f3aca38a02c7299c08c22f3f44eb9193672321896e34,2026-07-20T17:40:46Z
fnde_siope_rreo_annex8_pdf,4316303,Roque Gonzales,covered,covered,31444bbed0acfd651537f3aca38a02c7299c08c22f3f44eb9193672321896e34,2026-07-20T17:40:46Z
fnde_siope_rreo_annex8_pdf,4316402,Rosário do Sul,covered,covered,31444bbed0acfd651537f3aca38a02c7299c08c22f3f44eb9193672321896e34,2026-07-20T17:40:46Z
fnde_siope_rreo_annex8_pdf,4316428,Sagrada Família,covered,covered,31444bbed0acfd651537f3aca38a02c7299c08c22f3f44eb9193672321896e34,2026-07-20T17:40:46Z
fnde_siope_rreo_annex8_pdf,4316436,Saldanha Marinho,covered,covered,31444bbed0acfd651537f3aca38a02c7299c08c22f3f44eb9193672321896e34,2026-07-20T17:40:46Z
fnde_siope_rreo_annex8_pdf,4316451,Salto do Jacuí,covered,covered,31444bbed0acfd651537f3aca38a02c7299c08c22f3f44eb9193672321896e34,2026-07-20T17:40:46Z
fnde_siope_rreo_annex8_pdf,4316477,Salvador das Missões,covered,covered,31444bbed0acfd651537f3aca38a02c7299c08c22f3f44eb9193672321896e34,2026-07-20T17:40:46Z
fnde_siope_rreo_annex8_pdf,4316501,Salvador do Sul,covered,covered,31444bbed0acfd651537f3aca38a02c7299c08c22f3f44eb9193672321896e34,2026-07-20T17:40:46Z
fnde_siope_rreo_annex8_pdf,4316600,Sananduva,covered,covered,31444bbed0acfd651537f3aca38a02c7299c08c22f3f44eb9193672321896e34,2026-07-20T17:40:46Z
fnde_siope_rreo_annex8_pdf,4316709,Santa Bárbara do Sul,covered,covered,31444bbed0acfd651537f3aca38a02c7299c08c22f3f44eb9193672321896e34,2026-07-20T17:40:46Z
fnde_siope_rreo_annex8_pdf,4316733,Santa Cecília do Sul,covered,covered,31444bbed0acfd651537f3aca38a02c7299c08c22f3f44eb9193672321896e34,2026-07-20T17:40:46Z
fnde_siope_rreo_annex8_pdf,4316758,Santa Clara do Sul,covered,covered,31444bbed0acfd651537f3aca38a02c7299c08c22f3f44eb9193672321896e34,2026-07-20T17:40:46Z
fnde_siope_rreo_annex8_pdf,4316808,Santa Cruz do Sul,covered,covered,31444bbed0acfd651537f3aca38a02c7299c08c22f3f44eb9193672321896e34,2026-07-20T17:40:46Z
fnde_siope_rreo_annex8_pdf,4316907,Santa Maria,covered,covered,31444bbed0acfd651537f3aca38a02c7299c08c22f3f44eb9193672321896e34,2026-07-20T17:40:46Z
fnde_siope_rreo_annex8_pdf,4316956,Santa Maria do Herval,covered,covered,31444bbed0acfd651537f3aca38a02c7299c08c22f3f44eb9193672321896e34,2026-07-20T17:40:46Z
fnde_siope_rreo_annex8_pdf,4316972,Santa Margarida do Sul,covered,covered,31444bbed0acfd651537f3aca38a02c7299c08c22f3f44eb9193672321896e34,2026-07-20T17:40:46Z
fnde_siope_rreo_annex8_pdf,4317004,Santana da Boa Vista,covered,covered,31444bbed0acfd651537f3aca38a02c7299c08c22f3f44eb9193672321896e34,2026-07-20T17:40:46Z
fnde_siope_rreo_annex8_pdf,4317103,Sant'Ana do Livramento,covered,covered,31444bbed0acfd651537f3aca38a02c7299c08c22f3f44eb9193672321896e34,2026-07-20T17:40:46Z
fnde_siope_rreo_annex8_pdf,4317202,Santa Rosa,covered,covered,31444bbed0acfd651537f3aca38a02c7299c08c22f3f44eb9193672321896e34,2026-07-20T17:40:46Z
fnde_siope_rreo_annex8_pdf,4317251,Santa Tereza,covered,covered,31444bbed0acfd651537f3aca38a02c7299c08c22f3f44eb9193672321896e34,2026-07-20T17:40:46Z
fnde_siope_rreo_annex8_pdf,4317301,Santa Vitória do Palmar,covered,covered,31444bbed0acfd651537f3aca38a02c7299c08c22f3f44eb9193672321896e34,2026-07-20T17:40:46Z
fnde_siope_rreo_annex8_pdf,4317400,Santiago,covered,covered,31444bbed0acfd651537f3aca38a02c7299c08c22f3f44eb9193672321896e34,2026-07-20T17:40:46Z
fnde_siope_rreo_annex8_pdf,4317509,Santo Ângelo,covered,covered,31444bbed0acfd651537f3aca38a02c7299c08c22f3f44eb9193672321896e34,2026-07-20T17:40:46Z
fnde_siope_rreo_annex8_pdf,4317558,Santo Antônio do Palma,covered,covered,31444bbed0acfd651537f3aca38a02c7299c08c22f3f44eb9193672321896e34,2026-07-20T17:40:46Z
fnde_siope_rreo_annex8_pdf,4317608,Santo Antônio da Patrulha,covered,covered,31444bbed0acfd651537f3aca38a02c7299c08c22f3f44eb9193672321896e34,2026-07-20T17:40:46Z
fnde_siope_rreo_annex8_pdf,4317707,Santo Antônio das Missões,covered,covered,31444bbed0acfd651537f3aca38a02c7299c08c22f3f44eb9193672321896e34,2026-07-20T17:40:46Z
fnde_siope_rreo_annex8_pdf,4317756,Santo Antônio do Planalto,covered,covered,31444bbed0acfd651537f3aca38a02c7299c08c22f3f44eb9193672321896e34,2026-07-20T17:40:46Z
fnde_siope_rreo_annex8_pdf,4317806,Santo Augusto,covered,covered,31444bbed0acfd651537f3aca38a02c7299c08c22f3f44eb9193672321896e34,2026-07-20T17:40:46Z
fnde_siope_rreo_annex8_pdf,4317905,Santo Cristo,covered,covered,31444bbed0acfd651537f3aca38a02c7299c08c22f3f44eb9193672321896e34,2026-07-20T17:40:46Z
fnde_siope_rreo_annex8_pdf,4317954,Santo Expedito do Sul,covered,covered,31444bbed0acfd651537f3aca38a02c7299c08c22f3f44eb9193672321896e34,2026-07-20T17:40:46Z
fnde_siope_rreo_annex8_pdf,4318002,São Borja,covered,covered,31444bbed0acfd651537f3aca38a02c7299c08c22f3f44eb9193672321896e34,2026-07-20T17:40:46Z
fnde_siope_rreo_annex8_pdf,4318051,São Domingos do Sul,covered,covered,31444bbed0acfd651537f3aca38a02c7299c08c22f3f44eb9193672321896e34,2026-07-20T17:40:46Z
fnde_siope_rreo_annex8_pdf,4318101,São Francisco de Assis,covered,covered,31444bbed0acfd651537f3aca38a02c7299c08c22f3f44eb9193672321896e34,2026-07-20T17:40:46Z
fnde_siope_rreo_annex8_pdf,4318200,São Francisco de Paula,covered,covered,31444bbed0acfd651537f3aca38a02c7299c08c22f3f44eb9193672321896e34,2026-07-20T17:40:46Z
fnde_siope_rreo_annex8_pdf,4318309,São Gabriel,covered,covered,31444bbed0acfd651537f3aca38a02c7299c08c22f3f44eb9193672321896e34,2026-07-20T17:40:46Z
fnde_siope_rreo_annex8_pdf,4318408,São Jerônimo,covered,covered,31444bbed0acfd651537f3aca38a02c7299c08c22f3f44eb9193672321896e34,2026-07-20T17:40:46Z
fnde_siope_rreo_annex8_pdf,4318424,São João da Urtiga,covered,covered,31444bbed0acfd651537f3aca38a02c7299c08c22f3f44eb9193672321896e34,2026-07-20T17:40:46Z
fnde_siope_rreo_annex8_pdf,4318432,São João do Polêsine,covered,covered,31444bbed0acfd651537f3aca38a02c7299c08c22f3f44eb9193672321896e34,2026-07-20T17:40:46Z
fnde_siope_rreo_annex8_pdf,4318440,São Jorge,covered,covered,31444bbed0acfd651537f3aca38a02c7299c08c22f3f44eb9193672321896e34,2026-07-20T17:40:46Z
fnde_siope_rreo_annex8_pdf,4318457,São José das Missões,covered,covered,31444bbed0acfd651537f3aca38a02c7299c08c22f3f44eb9193672321896e34,2026-07-20T17:40:46Z
fnde_siope_rreo_annex8_pdf,4318465,São José do Herval,covered,covered,31444bbed0acfd651537f3aca38a02c7299c08c22f3f44eb9193672321896e34,2026-07-20T17:40:46Z
fnde_siope_rreo_annex8_pdf,4318481,São José do Hortêncio,covered,covered,31444bbed0acfd651537f3aca38a02c7299c08c22f3f44eb9193672321896e34,2026-07-20T17:40:46Z
fnde_siope_rreo_annex8_pdf,4318499,São José do Inhacorá,covered,covered,31444bbed0acfd651537f3aca38a02c7299c08c22f3f44eb9193672321896e34,2026-07-20T17:40:46Z
fnde_siope_rreo_annex8_pdf,4318507,São José do Norte,covered,covered,31444bbed0acfd651537f3aca38a02c7299c08c22f3f44eb9193672321896e34,2026-07-20T17:40:46Z
fnde_siope_rreo_annex8_pdf,4318606,São José do Ouro,covered,covered,31444bbed0acfd651537f3aca38a02c7299c08c22f3f44eb9193672321896e34,2026-07-20T17:40:46Z
fnde_siope_rreo_annex8_pdf,4318614,São José do Sul,covered,covered,31444bbed0acfd651537f3aca38a02c7299c08c22f3f44eb9193672321896e34,2026-07-20T17:40:46Z
fnde_siope_rreo_annex8_pdf,4318622,São José dos Ausentes,covered,covered,31444bbed0acfd651537f3aca38a02c7299c08c22f3f44eb9193672321896e34,2026-07-20T17:40:46Z
fnde_siope_rreo_annex8_pdf,4318705,São Leopoldo,covered,covered,31444bbed0acfd651537f3aca38a02c7299c08c22f3f44eb9193672321896e34,2026-07-20T17:40:46Z
fnde_siope_rreo_annex8_pdf,4318804,São Lourenço do Sul,covered,covered,31444bbed0acfd651537f3aca38a02c7299c08c22f3f44eb9193672321896e34,2026-07-20T17:40:46Z
fnde_siope_rreo_annex8_pdf,4318903,São Luiz Gonzaga,covered,covered,31444bbed0acfd651537f3aca38a02c7299c08c22f3f44eb9193672321896e34,2026-07-20T17:40:46Z
fnde_siope_rreo_annex8_pdf,4319000,São Marcos,covered,covered,31444bbed0acfd651537f3aca38a02c7299c08c22f3f44eb9193672321896e34,2026-07-20T17:40:46Z
fnde_siope_rreo_annex8_pdf,4319109,São Martinho,covered,covered,31444bbed0acfd651537f3aca38a02c7299c08c22f3f44eb9193672321896e34,2026-07-20T17:40:46Z
fnde_siope_rreo_annex8_pdf,4319125,São Martinho da Serra,covered,covered,31444bbed0acfd651537f3aca38a02c7299c08c22f3f44eb9193672321896e34,2026-07-20T17:40:46Z
fnde_siope_rreo_annex8_pdf,4319158,São Miguel das Missões,covered,covered,31444bbed0acfd651537f3aca38a02c7299c08c22f3f44eb9193672321896e34,2026-07-20T17:40:46Z
fnde_siope_rreo_annex8_pdf,4319208,São Nicolau,covered,covered,31444bbed0acfd651537f3aca38a02c7299c08c22f3f44eb9193672321896e34,2026-07-20T17:40:46Z
fnde_siope_rreo_annex8_pdf,4319307,São Paulo das Missões,covered,covered,31444bbed0acfd651537f3aca38a02c7299c08c22f3f44eb9193672321896e34,2026-07-20T17:40:46Z
fnde_siope_rreo_annex8_pdf,4319356,São Pedro da Serra,covered,covered,31444bbed0acfd651537f3aca38a02c7299c08c22f3f44eb9193672321896e34,2026-07-20T17:40:46Z
fnde_siope_rreo_annex8_pdf,4319364,São Pedro das Missões,covered,covered,31444bbed0acfd651537f3aca38a02c7299c08c22f3f44eb9193672321896e34,2026-07-20T17:40:46Z
fnde_siope_rreo_annex8_pdf,4319372,São Pedro do Butiá,covered,covered,31444bbed0acfd651537f3aca38a02c7299c08c22f3f44eb9193672321896e34,2026-07-20T17:40:46Z
fnde_siope_rreo_annex8_pdf,4319406,São Pedro do Sul,covered,covered,31444bbed0acfd651537f3aca38a02c7299c08c22f3f44eb9193672321896e34,2026-07-20T17:40:46Z
fnde_siope_rreo_annex8_pdf,4319505,São Sebastião do Caí,covered,covered,31444bbed0acfd651537f3aca38a02c7299c08c22f3f44eb9193672321896e34,2026-07-20T17:40:46Z
fnde_siope_rreo_annex8_pdf,4319604,São Sepé,covered,covered,31444bbed0acfd651537f3aca38a02c7299c08c22f3f44eb9193672321896e34,2026-07-20T17:40:46Z
fnde_siope_rreo_annex8_pdf,4319703,São Valentim,covered,covered,31444bbed0acfd651537f3aca38a02c7299c08c22f3f44eb9193672321896e34,2026-07-20T17:40:46Z
fnde_siope_rreo_annex8_pdf,4319711,São Valentim do Sul,covered,covered,31444bbed0acfd651537f3aca38a02c7299c08c22f3f44eb9193672321896e34,2026-07-20T17:40:46Z
fnde_siope_rreo_annex8_pdf,4319737,São Valério do Sul,covered,covered,31444bbed0acfd651537f3aca38a02c7299c08c22f3f44eb9193672321896e34,2026-07-20T17:40:46Z
fnde_siope_rreo_annex8_pdf,4319752,São Vendelino,covered,covered,31444bbed0acfd651537f3aca38a02c7299c08c22f3f44eb9193672321896e34,2026-07-20T17:40:46Z
fnde_siope_rreo_annex8_pdf,4319802,São Vicente do Sul,covered,covered,31444bbed0acfd651537f3aca38a02c7299c08c22f3f44eb9193672321896e34,2026-07-20T17:40:46Z
fnde_siope_rreo_annex8_pdf,4319901,Sapiranga,covered,covered,31444bbed0acfd651537f3aca38a02c7299c08c22f3f44eb9193672321896e34,2026-07-20T17:40:46Z
fnde_siope_rreo_annex8_pdf,4320008,Sapucaia do Sul,covered,covered,31444bbed0acfd651537f3aca38a02c7299c08c22f3f44eb9193672321896e34,2026-07-20T17:40:46Z
fnde_siope_rreo_annex8_pdf,4320107,Sarandi,covered,covered,31444bbed0acfd651537f3aca38a02c7299c08c22f3f44eb9193672321896e34,2026-07-20T17:40:46Z
fnde_siope_rreo_annex8_pdf,4320206,Seberi,covered,covered,31444bbed0acfd651537f3aca38a02c7299c08c22f3f44eb9193672321896e34,2026-07-20T17:40:46Z
fnde_siope_rreo_annex8_pdf,4320230,Sede Nova,covered,covered,31444bbed0acfd651537f3aca38a02c7299c08c22f3f44eb9193672321896e34,2026-07-20T17:40:46Z
fnde_siope_rreo_annex8_pdf,4320263,Segredo,covered,covered,31444bbed0acfd651537f3aca38a02c7299c08c22f3f44eb9193672321896e34,2026-07-20T17:40:46Z
fnde_siope_rreo_annex8_pdf,4320305,Selbach,covered,covered,31444bbed0acfd651537f3aca38a02c7299c08c22f3f44eb9193672321896e34,2026-07-20T17:40:46Z
fnde_siope_rreo_annex8_pdf,4320321,Senador Salgado Filho,covered,covered,31444bbed0acfd651537f3aca38a02c7299c08c22f3f44eb9193672321896e34,2026-07-20T17:40:46Z
fnde_siope_rreo_annex8_pdf,4320354,Sentinela do Sul,covered,covered,31444bbed0acfd651537f3aca38a02c7299c08c22f3f44eb9193672321896e34,2026-07-20T17:40:46Z
fnde_siope_rreo_annex8_pdf,4320404,Serafina Corrêa,covered,covered,31444bbed0acfd651537f3aca38a02c7299c08c22f3f44eb9193672321896e34,2026-07-20T17:40:46Z
fnde_siope_rreo_annex8_pdf,4320453,Sério,covered,covered,31444bbed0acfd651537f3aca38a02c7299c08c22f3f44eb9193672321896e34,2026-07-20T17:40:46Z
fnde_siope_rreo_annex8_pdf,4320503,Sertão,covered,covered,31444bbed0acfd651537f3aca38a02c7299c08c22f3f44eb9193672321896e34,2026-07-20T17:40:46Z
fnde_siope_rreo_annex8_pdf,4320552,Sertão Santana,covered,covered,31444bbed0acfd651537f3aca38a02c7299c08c22f3f44eb9193672321896e34,2026-07-20T17:40:46Z
fnde_siope_rreo_annex8_pdf,4320578,Sete de Setembro,covered,covered,31444bbed0acfd651537f3aca38a02c7299c08c22f3f44eb9193672321896e34,2026-07-20T17:40:46Z
fnde_siope_rreo_annex8_pdf,4320602,Severiano de Almeida,covered,covered,31444bbed0acfd651537f3aca38a02c7299c08c22f3f44eb9193672321896e34,2026-07-20T17:40:46Z
fnde_siope_rreo_annex8_pdf,4320651,Silveira Martins,covered,covered,31444bbed0acfd651537f3aca38a02c7299c08c22f3f44eb9193672321896e34,2026-07-20T17:40:46Z
fnde_siope_rreo_annex8_pdf,4320677,Sinimbu,covered,covered,31444bbed0acfd651537f3aca38a02c7299c08c22f3f44eb9193672321896e34,2026-07-20T17:40:46Z
fnde_siope_rreo_annex8_pdf,4320701,Sobradinho,covered,covered,31444bbed0acfd651537f3aca38a02c7299c08c22f3f44eb9193672321896e34,2026-07-20T17:40:46Z
fnde_siope_rreo_annex8_pdf,4320800,Soledade,covered,covered,31444bbed0acfd651537f3aca38a02c7299c08c22f3f44eb9193672321896e34,2026-07-20T17:40:46Z
fnde_siope_rreo_annex8_pdf,4320859,Tabaí,covered,covered,31444bbed0acfd651537f3aca38a02c7299c08c22f3f44eb9193672321896e34,2026-07-20T17:40:46Z
fnde_siope_rreo_annex8_pdf,4320909,Tapejara,covered,covered,31444bbed0acfd651537f3aca38a02c7299c08c22f3f44eb9193672321896e34,2026-07-20T17:40:46Z
fnde_siope_rreo_annex8_pdf,4321006,Tapera,covered,covered,31444bbed0acfd651537f3aca38a02c7299c08c22f3f44eb9193672321896e34,2026-07-20T17:40:46Z
fnde_siope_rreo_annex8_pdf,4321105,Tapes,covered,covered,31444bbed0acfd651537f3aca38a02c7299c08c22f3f44eb9193672321896e34,2026-07-20T17:40:46Z
fnde_siope_rreo_annex8_pdf,4321204,Taquara,covered,covered,31444bbed0acfd651537f3aca38a02c7299c08c22f3f44eb9193672321896e34,2026-07-20T17:40:46Z
fnde_siope_rreo_annex8_pdf,4321303,Taquari,covered,covered,31444bbed0acfd651537f3aca38a02c7299c08c22f3f44eb9193672321896e34,2026-07-20T17:40:46Z
fnde_siope_rreo_annex8_pdf,4321329,Taquaruçu do Sul,covered,covered,31444bbed0acfd651537f3aca38a02c7299c08c22f3f44eb9193672321896e34,2026-07-20T17:40:46Z
fnde_siope_rreo_annex8_pdf,4321352,Tavares,covered,covered,31444bbed0acfd651537f3aca38a02c7299c08c22f3f44eb9193672321896e34,2026-07-20T17:40:46Z
fnde_siope_rreo_annex8_pdf,4321402,Tenente Portela,covered,covered,31444bbed0acfd651537f3aca38a02c7299c08c22f3f44eb9193672321896e34,2026-07-20T17:40:46Z
fnde_siope_rreo_annex8_pdf,4321436,Terra de Areia,covered,covered,31444bbed0acfd651537f3aca38a02c7299c08c22f3f44eb9193672321896e34,2026-07-20T17:40:46Z
fnde_siope_rreo_annex8_pdf,4321451,Teutônia,covered,covered,31444bbed0acfd651537f3aca38a02c7299c08c22f3f44eb9193672321896e34,2026-07-20T17:40:46Z
fnde_siope_rreo_annex8_pdf,4321469,Tio Hugo,covered,covered,31444bbed0acfd651537f3aca38a02c7299c08c22f3f44eb9193672321896e34,2026-07-20T17:40:46Z
fnde_siope_rreo_annex8_pdf,4321477,Tiradentes do Sul,covered,covered,31444bbed0acfd651537f3aca38a02c7299c08c22f3f44eb9193672321896e34,2026-07-20T17:40:46Z
fnde_siope_rreo_annex8_pdf,4321493,Toropi,covered,covered,31444bbed0acfd651537f3aca38a02c7299c08c22f3f44eb9193672321896e34,2026-07-20T17:40:46Z
fnde_siope_rreo_annex8_pdf,4321501,Torres,covered,covered,31444bbed0acfd651537f3aca38a02c7299c08c22f3f44eb9193672321896e34,2026-07-20T17:40:46Z
fnde_siope_rreo_annex8_pdf,4321600,Tramandaí,covered,covered,31444bbed0acfd651537f3aca38a02c7299c08c22f3f44eb9193672321896e34,2026-07-20T17:40:46Z
fnde_siope_rreo_annex8_pdf,4321626,Travesseiro,covered,covered,31444bbed0acfd651537f3aca38a02c7299c08c22f3f44eb9193672321896e34,2026-07-20T17:40:46Z
fnde_siope_rreo_annex8_pdf,4321634,Três Arroios,covered,covered,31444bbed0acfd651537f3aca38a02c7299c08c22f3f44eb9193672321896e34,2026-07-20T17:40:46Z
fnde_siope_rreo_annex8_pdf,4321667,Três Cachoeiras,covered,covered,31444bbed0acfd651537f3aca38a02c7299c08c22f3f44eb9193672321896e34,2026-07-20T17:40:46Z
fnde_siope_rreo_annex8_pdf,4321709,Três Coroas,covered,covered,31444bbed0acfd651537f3aca38a02c7299c08c22f3f44eb9193672321896e34,2026-07-20T17:40:46Z
fnde_siope_rreo_annex8_pdf,4321808,Três de Maio,covered,covered,31444bbed0acfd651537f3aca38a02c7299c08c22f3f44eb9193672321896e34,2026-07-20T17:40:46Z
fnde_siope_rreo_annex8_pdf,4321832,Três Forquilhas,covered,covered,31444bbed0acfd651537f3aca38a02c7299c08c22f3f44eb9193672321896e34,2026-07-20T17:40:46Z
fnde_siope_rreo_annex8_pdf,4321857,Três Palmeiras,covered,covered,31444bbed0acfd651537f3aca38a02c7299c08c22f3f44eb9193672321896e34,2026-07-20T17:40:46Z
fnde_siope_rreo_annex8_pdf,4321907,Três Passos,covered,covered,31444bbed0acfd651537f3aca38a02c7299c08c22f3f44eb9193672321896e34,2026-07-20T17:40:46Z
fnde_siope_rreo_annex8_pdf,4321956,Trindade do Sul,covered,covered,31444bbed0acfd651537f3aca38a02c7299c08c22f3f44eb9193672321896e34,2026-07-20T17:40:46Z
fnde_siope_rreo_annex8_pdf,4322004,Triunfo,covered,covered,31444bbed0acfd651537f3aca38a02c7299c08c22f3f44eb9193672321896e34,2026-07-20T17:40:46Z
fnde_siope_rreo_annex8_pdf,4322103,Tucunduva,covered,covered,31444bbed0acfd651537f3aca38a02c7299c08c22f3f44eb9193672321896e34,2026-07-20T17:40:46Z
fnde_siope_rreo_annex8_pdf,4322152,Tunas,covered,missing,31444bbed0acfd651537f3aca38a02c7299c08c22f3f44eb9193672321896e34,2026-07-20T17:40:46Z
fnde_siope_rreo_annex8_pdf,4322186,Tupanci do Sul,covered,covered,31444bbed0acfd651537f3aca38a02c7299c08c22f3f44eb9193672321896e34,2026-07-20T17:40:46Z
fnde_siope_rreo_annex8_pdf,4322202,Tupanciretã,covered,covered,31444bbed0acfd651537f3aca38a02c7299c08c22f3f44eb9193672321896e34,2026-07-20T17:40:46Z
fnde_siope_rreo_annex8_pdf,4322251,Tupandi,covered,covered,31444bbed0acfd651537f3aca38a02c7299c08c22f3f44eb9193672321896e34,2026-07-20T17:40:46Z
fnde_siope_rreo_annex8_pdf,4322301,Tuparendi,covered,covered,31444bbed0acfd651537f3aca38a02c7299c08c22f3f44eb9193672321896e34,2026-07-20T17:40:46Z
fnde_siope_rreo_annex8_pdf,4322327,Turuçu,covered,covered,31444bbed0acfd651537f3aca38a02c7299c08c22f3f44eb9193672321896e34,2026-07-20T17:40:46Z
fnde_siope_rreo_annex8_pdf,4322343,Ubiretama,covered,covered,31444bbed0acfd651537f3aca38a02c7299c08c22f3f44eb9193672321896e34,2026-07-20T17:40:46Z
fnde_siope_rreo_annex8_pdf,4322350,União da Serra,covered,covered,31444bbed0acfd651537f3aca38a02c7299c08c22f3f44eb9193672321896e34,2026-07-20T17:40:46Z
fnde_siope_rreo_annex8_pdf,4322376,Unistalda,covered,covered,31444bbed0acfd651537f3aca38a02c7299c08c22f3f44eb9193672321896e34,2026-07-20T17:40:46Z
fnde_siope_rreo_annex8_pdf,4322400,Uruguaiana,covered,covered,31444bbed0acfd651537f3aca38a02c7299c08c22f3f44eb9193672321896e34,2026-07-20T17:40:46Z
fnde_siope_rreo_annex8_pdf,4322509,Vacaria,covered,covered,31444bbed0acfd651537f3aca38a02c7299c08c22f3f44eb9193672321896e34,2026-07-20T17:40:46Z
fnde_siope_rreo_annex8_pdf,4322525,Vale Verde,covered,covered,31444bbed0acfd651537f3aca38a02c7299c08c22f3f44eb9193672321896e34,2026-07-20T17:40:46Z
fnde_siope_rreo_annex8_pdf,4322533,Vale do Sol,covered,covered,31444bbed0acfd651537f3aca38a02c7299c08c22f3f44eb9193672321896e34,2026-07-20T17:40:46Z
fnde_siope_rreo_annex8_pdf,4322541,Vale Real,covered,covered,31444bbed0acfd651537f3aca38a02c7299c08c22f3f44eb9193672321896e34,2026-07-20T17:40:46Z
fnde_siope_rreo_annex8_pdf,4322558,Vanini,covered,covered,31444bbed0acfd651537f3aca38a02c7299c08c22f3f44eb9193672321896e34,2026-07-20T17:40:46Z
fnde_siope_rreo_annex8_pdf,4322608,Venâncio Aires,covered,covered,31444bbed0acfd651537f3aca38a02c7299c08c22f3f44eb9193672321896e34,2026-07-20T17:40:46Z
fnde_siope_rreo_annex8_pdf,4322707,Vera Cruz,covered,covered,31444bbed0acfd651537f3aca38a02c7299c08c22f3f44eb9193672321896e34,2026-07-20T17:40:46Z
fnde_siope_rreo_annex8_pdf,4322806,Veranópolis,covered,covered,31444bbed0acfd651537f3aca38a02c7299c08c22f3f44eb9193672321896e34,2026-07-20T17:40:46Z
fnde_siope_rreo_annex8_pdf,4322855,Vespasiano Correa,covered,covered,31444bbed0acfd651537f3aca38a02c7299c08c22f3f44eb9193672321896e34,2026-07-20T17:40:46Z
fnde_siope_rreo_annex8_pdf,4322905,Viadutos,covered,covered,31444bbed0acfd651537f3aca38a02c7299c08c22f3f44eb9193672321896e34,2026-07-20T17:40:46Z
fnde_siope_rreo_annex8_pdf,4323002,Viamão,covered,covered,31444bbed0acfd651537f3aca38a02c7299c08c22f3f44eb9193672321896e34,2026-07-20T17:40:46Z
fnde_siope_rreo_annex8_pdf,4323101,Vicente Dutra,covered,covered,31444bbed0acfd651537f3aca38a02c7299c08c22f3f44eb9193672321896e34,2026-07-20T17:40:46Z
fnde_siope_rreo_annex8_pdf,4323200,Victor Graeff,covered,covered,31444bbed0acfd651537f3aca38a02c7299c08c22f3f44eb9193672321896e34,2026-07-20T17:40:46Z
fnde_siope_rreo_annex8_pdf,4323309,Vila Flores,covered,covered,31444bbed0acfd651537f3aca38a02c7299c08c22f3f44eb9193672321896e34,2026-07-20T17:40:46Z
fnde_siope_rreo_annex8_pdf,4323358,Vila Lângaro,covered,covered,31444bbed0acfd651537f3aca38a02c7299c08c22f3f44eb9193672321896e34,2026-07-20T17:40:46Z
fnde_siope_rreo_annex8_pdf,4323408,Vila Maria,covered,covered,31444bbed0acfd651537f3aca38a02c7299c08c22f3f44eb9193672321896e34,2026-07-20T17:40:46Z
fnde_siope_rreo_annex8_pdf,4323457,Vila Nova do Sul,covered,covered,31444bbed0acfd651537f3aca38a02c7299c08c22f3f44eb9193672321896e34,2026-07-20T17:40:46Z
fnde_siope_rreo_annex8_pdf,4323507,Vista Alegre,covered,covered,31444bbed0acfd651537f3aca38a02c7299c08c22f3f44eb9193672321896e34,2026-07-20T17:40:46Z
fnde_siope_rreo_annex8_pdf,4323606,Vista Alegre do Prata,covered,covered,31444bbed0acfd651537f3aca38a02c7299c08c22f3f44eb9193672321896e34,2026-07-20T17:40:46Z
fnde_siope_rreo_annex8_pdf,4323705,Vista Gaúcha,covered,covered,31444bbed0acfd651537f3aca38a02c7299c08c22f3f44eb9193672321896e34,2026-07-20T17:40:46Z
fnde_siope_rreo_annex8_pdf,4323754,Vitória das Missões,covered,covered,31444bbed0acfd651537f3aca38a02c7299c08c22f3f44eb9193672321896e34,2026-07-20T17:40:46Z
fnde_siope_rreo_annex8_pdf,4323770,Westfalia,covered,covered,31444bbed0acfd651537f3aca38a02c7299c08c22f3f44eb9193672321896e34,2026-07-20T17:40:46Z
fnde_siope_rreo_annex8_pdf,4323804,Xangri-lá,covered,covered,31444bbed0acfd651537f3aca38a02c7299c08c22f3f44eb9193672321896e34,2026-07-20T17:40:46Z
